,gender,year,cgpa,university_name,Critical Thinking,Problem Solving,Team Work,Communication Skill,Software Engineering Principal,Data Structure & Algorithm,Database Management,Data Analysis skill,Web Developing Skill,Understanding of computer architecture & System,Understanding Operating System,Networking Concept,Cyber Security Skill,Machine Learning Skill,Robotics Skill,Research Skill,publication,project,Influencing Factor,Prefer Job
0,1,4,3.84,Bangabandhu Sheikh Mujibur Rahman Science & Technology University (BSMRSTU),2,3,3,2,3,3,2,2,3,1,1,0,0,1,0,2,1,2,"Social Acceptance,Job Security","Software Development,Teaching"
1,0,4,2.5,Bangabandhu Sheikh Mujibur Rahman Science & Technology University (BSMRSTU),1,1,1,1,1,1,1,1,2,1,1,1,1,1,1,1,0,0,flaxible Work Life Balanced,Teaching
2,0,4,3.34,Bangabandhu Sheikh Mujibur Rahman Science & Technology University (BSMRSTU),2,2,2,1,1,2,2,1,2,1,1,1,1,1,1,1,0,2,"Salary,Job Environment",Software Development
3,0,4,3.78,United International University (UIU),2,3,2,2,2,2,2,1,2,2,2,2,1,1,1,1,0,1,"Salary,Job Environment",Software Development
4,0,4,3.0,Bangabandhu Sheikh Mujibur Rahman Science & Technology University (BSMRSTU),2,3,3,2,2,2,3,3,3,2,2,3,3,1,1,1,0,5,"Salary,Job Environment",Software Development
5,0,3,3.3,Bangabandhu Sheikh Mujibur Rahman Science & Technology University (BSMRSTU),0,3,3,3,2,2,3,3,3,1,3,3,3,3,3,3,0,3,flaxible Work Life Balanced,Software Development
6,1,4,3.3,Bangabandhu Sheikh Mujibur Rahman Science & Technology University (BSMRSTU),3,3,3,2,2,3,2,2,2,1,1,1,1,2,1,1,0,4,"Job Environment,Salary",Software Development
7,0,3,3.1,Bangabandhu Sheikh Mujibur Rahman Science & Technology University (BSMRSTU),2,2,1,1,2,2,2,3,1,2,2,2,2,3,1,1,0,2,Salary,"ML/AI Engineer,Abroad"
8,0,4,3.91,"Independent University, Bangladesh (IUB)",2,3,2,2,2,2,2,3,2,1,1,1,1,2,1,0,0,2,"Job Environment,Salary",Data Analysis
9,0,4,3.25,Bangabandhu Sheikh Mujibur Rahman Science & Technology University (BSMRSTU),2,3,2,2,2,2,3,2,3,2,2,2,1,1,0,0,0,5,"Job Environment,Social Acceptance",Database Administration
10,0,4,1.0,Bangabandhu Sheikh Mujibur Rahman Science & Technology University (BSMRSTU),1,1,1,1,1,1,1,1,1,1,1,1,1,1,1,1,0,0,flaxible Work Life Balanced,Business
11,0,3,3.59,Bangabandhu Sheikh Mujibur Rahman Science & Technology University (BSMRSTU),1,1,2,2,1,2,2,2,2,2,3,2,1,1,1,2,0,0,Social Acceptance,Software Development
12,0,4,2.87,Bangabandhu Sheikh Mujibur Rahman Science & Technology University (BSMRSTU),1,1,2,2,1,1,1,1,1,0,1,2,1,1,1,1,1,3,flaxible Work Life Balanced,BCS
13,0,3,3.0,Bangabandhu Sheikh Mujibur Rahman Science & Technology University (BSMRSTU),2,1,2,2,1,1,1,1,1,2,2,1,1,1,1,1,0,0,flaxible Work Life Balanced,Bank Job
14,0,3,3.04,Bangabandhu Sheikh Mujibur Rahman Science & Technology University (BSMRSTU),2,1,2,1,2,2,2,2,1,2,2,2,2,1,1,1,0,4,Job Security,Software Development
15,0,4,3.7,United International University (UIU),2,2,1,1,1,2,1,2,1,1,1,1,1,2,1,1,0,1,Social Acceptance,Teaching
16,1,4,3.2,Bangabandhu Sheikh Mujibur Rahman Science & Technology University (BSMRSTU),1,1,2,2,1,1,1,0,1,0,0,1,0,1,0,0,0,1,flaxible Work Life Balanced,Other
17,0,4,3.02,Bangabandhu Sheikh Mujibur Rahman Science & Technology University (BSMRSTU),2,2,2,1,2,2,2,1,2,1,1,1,1,1,1,1,0,1,"Salary,Job Environment",Software Development
18,0,4,3.27,Bangabandhu Sheikh Mujibur Rahman Science & Technology University (BSMRSTU),3,3,3,3,3,3,3,1,3,1,1,2,1,1,1,1,0,3,"Social Acceptance,Salary","Software Development,Database Administration,Govt Job"
19,1,4,3.6,Bangabandhu Sheikh Mujibur Rahman Science & Technology University (BSMRSTU),2,3,3,2,3,3,2,3,3,1,1,2,1,2,1,1,0,4,Salary,"Software Development,Data Analysis,ML/AI Engineer"
20,0,4,3.09,United International University (UIU),3,3,3,3,3,2,2,1,3,2,2,3,2,1,1,1,0,1,"Job Environment,Salary","Software Development,Cyber Security"
21,0,4,3.0,Bangabandhu Sheikh Mujibur Rahman Science & Technology University (BSMRSTU),1,2,2,2,2,2,2,1,2,1,1,2,1,1,1,0,0,4,Salary,Software Development
22,0,2,3.78,United International University (UIU),2,2,2,1,2,1,1,1,1,1,1,1,1,1,1,0,0,2,"Job Security,Job Environment,flaxible Work Life Balanced","Software Development,Data Analysis,ML/AI Engineer,Teaching,Abroad"
23,0,4,3.01,Bangabandhu Sheikh Mujibur Rahman Science & Technology University (BSMRSTU),3,3,3,3,3,3,2,3,3,1,2,2,1,1,1,2,1,4,"Job Environment,Salary","Software Development,Abroad"
24,0,4,2.8,Bangabandhu Sheikh Mujibur Rahman Science & Technology University (BSMRSTU),3,3,3,3,2,3,2,2,1,1,1,1,1,2,1,1,1,2,"Social Acceptance,Job Security,Job Environment,Salary,flaxible Work Life Balanced","Software Development,ML/AI Engineer,Teaching"
25,0,3,2.9,United International University (UIU),2,3,3,3,3,2,3,2,3,2,2,1,1,1,1,1,1,5,Social Acceptance,Software Development
26,1,1,3.3244034707158354,Bangabandhu Sheikh Mujibur Rahman Science & Technology University (BSMRSTU),1,1,2,1,1,1,1,1,1,1,1,1,0,0,1,0,0,0,"Job Security,flaxible Work Life Balanced",Govt Job
27,0,4,3.66,Mawlana Bhashani Science & Technology University (MBSTU),3,3,3,3,3,3,2,2,3,2,1,3,2,2,1,1,0,3,Job Environment,"Software Development,Cyber Security"
28,0,1,3.21,Bangabandhu Sheikh Mujibur Rahman Science & Technology University (BSMRSTU),2,2,2,1,1,2,1,0,2,1,1,0,1,1,1,0,0,1,"Social Acceptance,Job Environment,Salary,flaxible Work Life Balanced","Software Development,Teaching,Business"
29,0,2,3.66,American International University-Bangladesh (AIUB),2,2,2,1,2,2,2,1,3,2,1,1,1,1,1,0,0,3,"Job Environment,Salary,flaxible Work Life Balanced","Software Development,ML/AI Engineer,Researcher,Abroad"
30,1,3,3.3244034707158354,American International University-Bangladesh (AIUB),2,2,3,3,1,2,1,1,1,1,1,1,1,1,1,1,1,2,"Social Acceptance,Job Security","BCS,Govt Job"
31,0,4,3.0,Bangabandhu Sheikh Mujibur Rahman Science & Technology University (BSMRSTU),2,2,2,3,1,1,2,1,1,1,1,1,1,1,1,1,0,5,"Social Acceptance,Job Security,Job Environment,Salary,flaxible Work Life Balanced","ML/AI Engineer,Teaching,Bank Job,BCS"
32,1,1,3.13,United International University (UIU),1,1,1,1,1,1,0,0,0,0,0,0,0,0,0,0,0,1,Salary,Software Development
33,1,1,3.61,Daffodil International University (DIU),1,1,2,1,0,0,0,0,0,0,0,0,0,0,0,0,0,0,Salary,Other
34,0,2,3.65,United International University (UIU),2,2,3,2,2,2,2,2,2,1,1,3,1,1,1,0,0,5,"Social Acceptance,Job Environment,Salary",Software Development
35,1,4,3.21,Bangabandhu Sheikh Mujibur Rahman Science & Technology University (BSMRSTU),1,3,2,3,3,3,2,3,3,1,1,1,1,1,1,1,0,3,"Job Environment,Salary","Software Development,Data Analysis"
36,0,3,3.5,United International University (UIU),0,0,0,0,0,0,0,0,0,0,0,0,0,0,0,0,0,0,Other Factor,Other
37,0,3,3.5,United International University (UIU),2,2,2,1,1,2,2,1,1,1,1,1,1,0,0,0,0,3,"Job Environment,Salary,flaxible Work Life Balanced","Software Development,Management,Business"
38,0,1,0.0,United International University (UIU),2,1,3,2,1,1,1,1,1,1,1,1,1,1,1,0,0,0,Salary,Software Development
39,0,3,3.37,United International University (UIU),2,2,1,2,1,2,1,1,1,1,1,2,1,1,1,1,0,1,"Social Acceptance,Job Environment,Salary","Software Development,Networking"
40,1,1,4.0,United International University (UIU),1,1,2,2,1,1,1,1,1,1,1,1,1,0,1,0,0,0,"Job Security,Job Environment","Cyber Security,Abroad"
41,0,3,3.47,United International University (UIU),1,1,2,1,1,2,1,1,1,1,1,2,1,1,2,1,0,1,Salary,Networking
42,1,4,3.96,United International University (UIU),3,3,3,3,2,2,2,3,2,2,2,1,1,3,1,2,1,5,"Job Security,Job Environment,Salary,flaxible Work Life Balanced","Data Analysis,ML/AI Engineer,Teaching,Researcher,Abroad"
43,1,2,3.67,United International University (UIU),2,2,3,2,1,1,1,1,1,1,1,1,1,1,1,3,0,0,flaxible Work Life Balanced,Software Development
44,0,4,3.3,Bangabandhu Sheikh Mujibur Rahman Science & Technology University (BSMRSTU),2,3,2,2,2,2,2,1,2,1,1,1,1,1,1,1,0,1,Salary,Software Development
45,0,4,3.41,Bangabandhu Sheikh Mujibur Rahman Science & Technology University (BSMRSTU),3,3,3,2,2,2,2,2,2,1,2,1,0,2,1,2,2,5,Other Factor,Other
46,1,2,2.83,United International University (UIU),2,1,2,2,1,2,1,1,1,1,1,1,1,1,1,1,0,1,"Job Security,Job Environment,flaxible Work Life Balanced","Cyber Security,Business,Abroad"
47,0,2,2.98,"Independent University, Bangladesh (IUB)",1,2,3,2,1,2,1,3,1,1,1,1,2,2,0,2,1,1,"Job Security,Job Environment","Software Development,Cyber Security,Data Analysis,Management"
48,0,3,3.01,"Independent University, Bangladesh (IUB)",1,2,2,1,1,2,2,2,2,1,1,2,1,1,2,1,1,2,"Social Acceptance,Job Security","Software Development,Networking,Cyber Security,Data Analysis"
49,0,2,3.16,American International University-Bangladesh (AIUB),1,2,1,1,2,2,1,1,1,1,2,2,2,1,1,2,1,1,"Social Acceptance,Job Security","Software Development,Cyber Security,Data Analysis"
50,0,4,2.92,Bangabandhu Sheikh Mujibur Rahman Science & Technology University (BSMRSTU),2,3,2,3,2,2,2,2,2,1,2,1,1,1,1,2,2,2,Social Acceptance,Software Development
51,0,4,3.22,Bangabandhu Sheikh Mujibur Rahman Science & Technology University (BSMRSTU),3,3,2,2,1,2,2,2,2,2,1,1,2,2,2,2,1,1,flaxible Work Life Balanced,Abroad
52,1,1,1.6,United International University (UIU),2,2,2,1,1,1,1,1,1,1,1,1,1,0,1,0,0,1,"Job Environment,Salary",ML/AI Engineer
53,0,4,3.4,Comilla University (CoU),2,3,2,1,1,3,1,1,1,1,1,1,1,1,1,1,0,1,"Salary,flaxible Work Life Balanced","Software Development,ML/AI Engineer"
54,0,4,3.55,Faridpur Engineering College,1,1,2,1,1,1,1,1,2,1,1,1,1,1,1,1,0,2,"Salary,flaxible Work Life Balanced","Software Development,Teaching,Govt Job"
55,0,2,3.33,United International University (UIU),2,2,2,2,2,2,2,2,2,2,2,2,2,2,2,0,0,2,Salary,Software Development
56,0,4,3.33,Faridpur Engineering College,2,2,2,1,2,2,2,2,1,2,1,2,2,2,2,2,0,2,Other Factor,"Software Development,Data Analysis"
57,0,2,3.17,Comilla University (CoU),2,2,2,2,1,1,1,1,2,1,2,1,1,0,1,1,0,1,Social Acceptance,"Bank Job,Govt Job"
58,0,4,3.57,Comilla University (CoU),2,3,3,3,3,3,2,1,2,1,2,1,1,1,1,1,0,6,"Salary,Job Environment",Software Development
59,1,2,3.79,Comilla University (CoU),3,2,3,3,1,2,1,1,1,2,1,1,1,1,1,1,0,0,Salary,Researcher
60,1,2,3.52,Comilla University (CoU),2,2,2,1,1,3,3,2,2,2,1,1,1,1,1,1,0,1,"Social Acceptance,Job Security,Job Environment,Salary,flaxible Work Life Balanced","Software Development,Teaching"
61,1,1,3.59,Comilla University (CoU),2,2,2,2,0,1,1,0,1,0,1,0,0,0,0,0,0,0,"Job Environment,Salary,flaxible Work Life Balanced","Teaching,Abroad"
62,1,1,3.6,Comilla University (CoU),1,1,2,2,1,1,1,1,1,1,0,1,0,0,1,0,0,0,"Salary,flaxible Work Life Balanced",Business
63,0,3,3.54,Comilla University (CoU),2,1,2,2,1,2,2,2,1,1,1,1,1,1,1,1,0,0,Social Acceptance,"Software Development,Data Analysis,ML/AI Engineer,Abroad"
64,1,1,3.47,Comilla University (CoU),1,1,2,1,1,1,1,0,0,0,0,0,0,0,0,0,0,1,"Job Environment,Salary",Software Development
65,1,2,3.5,Comilla University (CoU),1,1,1,1,1,1,1,1,1,1,1,1,1,1,1,1,0,0,"Salary,flaxible Work Life Balanced",Business
66,0,4,3.2,Bangabandhu Sheikh Mujibur Rahman Science & Technology University (BSMRSTU),2,3,2,2,2,3,2,2,2,2,2,2,2,2,2,2,1,4,Job Environment,Software Development
67,0,2,3.64,Comilla University (CoU),2,2,2,1,2,2,2,1,2,2,2,1,1,1,1,0,0,2,"Job Environment,Salary,flaxible Work Life Balanced","Software Development,Networking,Cyber Security,Researcher"
68,0,4,3.7,Comilla University (CoU),2,1,2,2,2,1,1,1,1,1,1,1,1,1,0,1,0,3,"Social Acceptance,Job Environment",Abroad
69,0,4,3.3,Bangabandhu Sheikh Mujibur Rahman Science & Technology University (BSMRSTU),2,1,2,1,2,2,2,1,1,1,1,1,0,1,1,0,0,3,"Job Security,Social Acceptance",Govt Job
70,1,2,3.84,Comilla University (CoU),2,2,3,2,1,2,1,1,1,1,1,1,1,1,1,1,0,2,Job Security,Software Development
71,0,2,3.08,American International University-Bangladesh (AIUB),1,2,1,1,1,1,2,2,1,1,2,2,2,2,1,1,0,1,"Social Acceptance,Job Security,Job Environment","Software Development,Networking,Cyber Security,Data Analysis"
72,0,2,3.25,American International University-Bangladesh (AIUB),2,2,1,2,1,2,2,2,1,1,1,1,1,2,1,2,1,3,Job Environment,Abroad
73,0,2,3.56,American International University-Bangladesh (AIUB),2,2,1,1,1,2,1,1,1,1,1,1,1,1,1,0,0,10,"Job Environment,Salary,flaxible Work Life Balanced",Software Development
74,0,2,3.0,American International University-Bangladesh (AIUB),2,3,3,2,2,2,2,2,1,1,2,1,1,1,1,0,0,3,Job Security,Other
75,0,2,3.2,American International University-Bangladesh (AIUB),1,1,2,2,1,1,1,1,1,1,1,1,1,1,1,0,0,4,Other Factor,Other
76,0,2,3.4,American International University-Bangladesh (AIUB),3,2,3,3,2,2,2,2,1,1,1,1,0,1,0,0,0,1,"Salary,flaxible Work Life Balanced",Management
77,0,4,2.88,Bangabandhu Sheikh Mujibur Rahman Science & Technology University (BSMRSTU),1,3,2,2,2,3,2,2,2,2,3,1,1,1,1,1,0,2,"Salary,Job Environment",Software Development
78,0,4,3.73,Daffodil International University (DIU),2,2,2,3,2,3,3,1,3,1,1,1,1,1,1,1,0,2,"Salary,Job Environment",Software Development
79,0,2,3.65,American International University-Bangladesh (AIUB),1,3,2,3,2,2,2,1,3,1,0,2,2,1,1,0,0,2,"Job Security,Job Environment,Salary","Software Development,Cyber Security"
80,0,2,3.55,American International University-Bangladesh (AIUB),1,2,2,2,1,1,2,2,2,1,2,1,1,0,1,2,1,2,"Social Acceptance,Job Security,Job Environment","Software Development,Networking,Cyber Security,Data Analysis"
81,0,2,3.22,American International University-Bangladesh (AIUB),1,2,1,1,2,2,1,2,1,1,2,2,2,1,1,2,2,3,"Social Acceptance,Job Security,Job Environment","Software Development,Networking,Cyber Security,Data Analysis"
82,0,2,3.3244034707158354,American International University-Bangladesh (AIUB),2,2,2,3,2,3,2,1,1,1,1,1,1,1,1,0,0,0,Other Factor,Other
83,0,4,3.2,"Bangabandhu Sheikh Mujibur Rahman Science & Technology University, Pirojpur (BSMRSTUP)",1,1,1,2,1,1,1,1,1,1,1,1,1,1,1,1,0,2,Other Factor,Other
84,0,4,3.15,Bangabandhu Sheikh Mujibur Rahman Science & Technology University (BSMRSTU),3,3,3,1,2,3,3,2,2,2,3,2,2,1,2,2,0,4,"Job Security,Salary,flaxible Work Life Balanced","Software Development,Networking,Cyber Security"
85,0,2,3.0,American International University-Bangladesh (AIUB),2,2,3,3,1,2,2,1,2,1,1,1,1,1,1,1,1,2,"Job Environment,Salary","Software Development,Other"
86,0,1,3.91,Port City International University (PCIU),2,2,3,2,1,2,2,0,2,1,1,1,1,0,0,0,0,2,"Job Environment,Salary","Software Development,ML/AI Engineer,Gaming"
87,0,4,3.63,"Bangabandhu Sheikh Mujibur Rahman Science & Technology University, Pirojpur (BSMRSTUP)",1,3,3,2,2,2,2,2,3,2,2,2,2,1,1,1,0,5,"Salary,Job Environment",Software Development
88,0,1,3.3244034707158354,Northern University Bangladesh (NUB),1,2,1,2,1,1,1,1,1,1,1,1,0,0,1,0,0,2,"Job Environment,Salary","Networking,Cyber Security"
89,0,4,3.67,United International University (UIU),3,2,2,2,2,1,2,2,2,2,2,1,1,1,1,1,0,5,"Social Acceptance,Job Environment,Salary","Software Development,Data Analysis"
90,0,1,3.15,American International University-Bangladesh (AIUB),2,1,3,1,1,1,1,1,1,1,1,1,1,0,1,0,0,1,"Job Environment,Salary","Software Development,Database Administration,Management"
91,0,4,3.41,Bangabandhu Sheikh Mujibur Rahman Science & Technology University (BSMRSTU),3,2,3,2,3,2,3,2,3,2,3,3,3,2,2,2,0,7,"Job Security,Job Environment,Salary","Software Development,Data Analysis"
92,0,3,3.52,Rajshahi University of Engineering & Technology (RUET),2,2,3,3,2,2,2,2,1,3,2,3,2,2,2,2,1,2,"Social Acceptance,Job Security,Salary","Software Development,Cyber Security,Abroad"
93,0,3,3.54,Rajshahi University of Engineering & Technology (RUET),2,1,2,1,0,2,1,1,0,1,0,0,0,0,0,0,0,1,"Social Acceptance,Job Security,Job Environment,Salary,flaxible Work Life Balanced","Software Development,ML/AI Engineer,Researcher,Abroad"
94,0,3,3.32,Hajee Mohammad Danesh Science & Technology University (HMDSTU),2,2,2,2,1,2,1,1,0,1,1,1,1,1,1,1,0,2,Salary,Software Development
95,0,3,3.7,Hajee Mohammad Danesh Science & Technology University (HMDSTU),3,3,2,2,2,2,2,1,1,2,2,1,1,1,1,1,0,2,"Social Acceptance,Job Environment,Salary,flaxible Work Life Balanced","Software Development,Abroad"
96,0,3,3.69,Hajee Mohammad Danesh Science & Technology University (HMDSTU),2,1,2,2,2,2,2,1,2,2,2,2,1,1,1,1,0,2,Salary,Teaching
97,0,3,3.0,Hajee Mohammad Danesh Science & Technology University (HMDSTU),1,1,1,3,1,1,1,1,1,1,1,1,1,1,1,1,0,2,"Job Security,flaxible Work Life Balanced","Bank Job,BCS,Govt Job"
98,0,3,3.0,Hajee Mohammad Danesh Science & Technology University (HMDSTU),1,1,2,1,2,2,2,1,2,2,2,2,1,1,1,1,0,4,"Social Acceptance,Job Environment",Software Development
99,0,1,3.62,International University of Business Agriculture & Technology (IUBAT),2,1,1,1,0,0,0,0,0,0,0,0,1,0,0,0,0,0,"Job Environment,Salary",Cyber Security
100,1,2,2.93,Bangabandhu Sheikh Mujibur Rahman Science & Technology University (BSMRSTU),1,1,1,1,1,1,1,1,1,1,1,1,1,1,1,1,0,1,flaxible Work Life Balanced,Other
101,0,4,3.25,International Islamic University Chittagong (IIUC),2,2,2,1,2,2,2,2,2,1,1,2,2,1,1,1,1,3,"Social Acceptance,Job Environment","Software Development,Teaching"
102,0,3,3.48,Hajee Mohammad Danesh Science & Technology University (HMDSTU),1,1,2,1,1,1,1,1,1,1,1,1,1,1,1,1,0,2,Job Environment,Teaching
103,0,4,3.0,Bangabandhu Sheikh Mujibur Rahman Science & Technology University (BSMRSTU),2,1,2,2,2,2,2,2,1,2,2,2,1,1,2,1,0,3,Social Acceptance,Govt Job
104,0,4,3.81,Hajee Mohammad Danesh Science & Technology University (HMDSTU),2,1,2,2,2,1,1,2,2,0,0,0,1,1,0,0,0,2,Job Environment,Teaching
105,0,4,3.25,Bangabandhu Sheikh Mujibur Rahman Science & Technology University (BSMRSTU),3,3,3,2,3,3,2,2,3,2,2,2,2,2,2,1,0,4,"Social Acceptance,Job Security,Salary,flaxible Work Life Balanced","Software Development,ML/AI Engineer"
106,0,4,3.3,Mawlana Bhashani Science & Technology University (MBSTU),1,3,3,3,3,3,3,2,3,1,2,2,1,1,1,1,0,4,"Social Acceptance,Job Environment,Salary",Software Development
107,1,4,3.51,Mawlana Bhashani Science & Technology University (MBSTU),2,2,3,2,2,2,2,1,2,1,1,2,1,1,0,1,0,2,Salary,Software Development
108,0,4,3.48,Mymensingh Engineering College ,2,1,2,0,0,2,1,2,2,0,0,0,0,1,0,0,0,2,"Job Security,Social Acceptance",Govt Job
109,0,4,3.48,University of Dhaka (DU),2,2,3,3,2,2,2,1,1,1,1,1,1,1,1,1,0,3,"Job Security,Salary,flaxible Work Life Balanced","Bank Job,BCS,Govt Job"
110,0,3,3.22,Mawlana Bhashani Science & Technology University (MBSTU),2,2,2,1,1,2,1,1,1,1,1,1,1,1,0,0,0,1,Job Security,Software Development
111,0,3,3.85,Mawlana Bhashani Science & Technology University (MBSTU),3,3,2,1,2,3,3,1,1,2,2,1,1,1,1,1,0,1,"Job Environment,Salary,flaxible Work Life Balanced","Software Development,Abroad"
112,0,4,3.41,Mawlana Bhashani Science & Technology University (MBSTU),2,1,2,3,1,1,1,1,1,1,1,1,1,1,1,1,0,0,"Social Acceptance,Job Security,Job Environment","Bank Job,BCS,Govt Job,Abroad"
113,0,4,3.3244034707158354,Bangabandhu Sheikh Mujibur Rahman Science & Technology University (BSMRSTU),3,3,3,3,3,3,2,2,3,2,2,2,1,1,1,1,0,4,"Job Environment,Salary,flaxible Work Life Balanced","Software Development,Business"
114,0,3,3.0,Mawlana Bhashani Science & Technology University (MBSTU),1,1,2,0,0,1,1,0,0,2,1,0,0,0,1,0,0,1,Job Environment,Software Development
115,0,4,3.1,Bangabandhu Sheikh Mujibur Rahman Science & Technology University (BSMRSTU),2,3,1,1,2,3,1,3,1,2,1,2,1,2,1,1,0,2,"Job Security,flaxible Work Life Balanced","Software Development,Database Administration,Data Analysis,ML/AI Engineer,Abroad"
116,0,4,3.3,Bangabandhu Sheikh Mujibur Rahman Science & Technology University (BSMRSTU),2,3,3,2,2,2,2,1,2,2,1,2,1,1,1,2,0,2,"Salary,Job Environment",Software Development
117,0,4,3.0,Bangabandhu Sheikh Mujibur Rahman Science & Technology University (BSMRSTU),2,2,3,2,2,2,2,2,2,1,1,1,1,1,1,1,0,3,"Job Environment,Salary","Software Development,Data Analysis,ML/AI Engineer"
118,0,4,3.4,Bangabandhu Sheikh Mujibur Rahman Science & Technology University (BSMRSTU),1,0,1,2,2,1,2,2,1,2,2,2,2,2,1,1,0,2,flaxible Work Life Balanced,ML/AI Engineer
119,0,4,3.0,Bangabandhu Sheikh Mujibur Rahman Science & Technology University (BSMRSTU),2,3,2,2,2,2,3,3,2,1,1,1,1,2,1,1,0,3,"Job Environment,Salary","Database Administration,Data Analysis"
120,0,4,3.21,Bangabandhu Sheikh Mujibur Rahman Science & Technology University (BSMRSTU),2,1,2,2,1,1,1,1,1,1,1,1,2,1,1,1,0,1,"Social Acceptance,Job Security,flaxible Work Life Balanced","Bank Job,BCS,Govt Job"
121,0,3,3.5,Bangabandhu Sheikh Mujibur Rahman Science & Technology University (BSMRSTU),2,1,2,2,1,1,1,1,1,2,1,1,1,1,1,1,0,1,Job Security,Govt Job
122,0,4,3.24,Bangabandhu Sheikh Mujibur Rahman Science & Technology University (BSMRSTU),2,2,2,2,1,2,2,2,1,2,2,2,1,2,1,1,0,5,"Job Environment,Salary,flaxible Work Life Balanced","ML/AI Engineer,Abroad"
123,0,4,2.85,Bangabandhu Sheikh Mujibur Rahman Science & Technology University (BSMRSTU),3,2,3,3,1,0,0,1,1,1,1,1,0,0,0,0,0,1,flaxible Work Life Balanced,"Bank Job,Business,Govt Job"
124,0,3,3.39,Patuakhali  Science and technology university (PSTU),2,2,2,1,2,2,2,1,2,2,1,2,1,1,1,1,0,3,"Job Environment,Salary,flaxible Work Life Balanced","Software Development,ML/AI Engineer,Abroad"
125,0,4,3.0,Bangabandhu Sheikh Mujibur Rahman Science & Technology University (BSMRSTU),1,2,2,3,2,2,2,1,3,0,1,1,1,1,1,1,0,2,"Job Security,Salary",Software Development
126,0,4,2.74,Bangabandhu Sheikh Mujibur Rahman Science & Technology University (BSMRSTU),2,2,2,2,1,1,2,3,2,1,1,1,1,0,1,1,1,2,"Social Acceptance,Job Security,Salary","Software Development,Data Analysis,Abroad"
127,0,4,2.8,Bangabandhu Sheikh Mujibur Rahman Science & Technology University (BSMRSTU),2,2,2,2,2,1,2,3,1,2,3,2,1,1,2,1,0,3,"Job Security,Job Environment,Salary","Software Development,Database Administration,Data Analysis,Gaming"
128,0,3,3.0,Bangabandhu Sheikh Mujibur Rahman Science & Technology University (BSMRSTU),1,1,2,1,2,2,2,2,1,1,1,1,1,1,1,1,0,2,"Job Environment,Salary",Software Development
129,0,4,3.0,Bangabandhu Sheikh Mujibur Rahman Science & Technology University (BSMRSTU),2,3,3,2,2,3,2,1,2,1,2,2,2,1,1,1,0,4,"Job Environment,Salary,flaxible Work Life Balanced","Software Development,Cyber Security,Business"
130,0,4,2.8,Bangabandhu Sheikh Mujibur Rahman Science & Technology University (BSMRSTU),2,2,2,1,1,1,1,1,1,1,1,1,1,1,1,1,0,3,"Social Acceptance,Job Security,Job Environment,Salary,flaxible Work Life Balanced","Software Development,Networking,Cyber Security"
131,0,4,3.42,Bangabandhu Sheikh Mujibur Rahman Science & Technology University (BSMRSTU),2,2,2,1,2,2,2,3,3,2,2,2,1,1,1,1,1,4,"Social Acceptance,Job Environment,Salary","Software Development,Data Analysis"
132,1,4,3.43,Jahangirnagar University (JU),2,3,2,3,2,2,2,2,2,1,1,1,1,1,1,1,0,4,"Job Environment,Salary","Software Development,Data Analysis,Management"
133,0,4,3.5,Jahangirnagar University (JU),2,3,2,1,2,2,3,3,3,3,3,2,2,2,2,1,0,3,"Job Environment,Salary,flaxible Work Life Balanced","Software Development,ML/AI Engineer,Gaming"
134,1,4,3.83,Jahangirnagar University (JU),2,3,3,2,2,2,2,2,2,2,1,2,1,1,1,1,0,5,"Job Environment,Salary",Software Development
135,0,4,3.6,Bangabandhu Sheikh Mujibur Rahman Science & Technology University (BSMRSTU),3,2,3,1,2,2,3,3,1,2,2,3,2,2,1,2,0,4,"Job Environment,Salary","Networking,Data Analysis,ML/AI Engineer"
136,0,4,3.0,Bangabandhu Sheikh Mujibur Rahman Science & Technology University (BSMRSTU),3,3,3,2,2,3,2,3,1,1,1,1,0,2,0,2,0,2,Salary,"Software Development,Data Analysis,ML/AI Engineer,Business"
137,0,4,3.0,Bangabandhu Sheikh Mujibur Rahman Science & Technology University (BSMRSTU),2,1,1,1,0,2,2,1,1,2,2,0,1,1,0,0,0,0,"Social Acceptance,flaxible Work Life Balanced","Business,Govt Job"
138,0,3,3.25,University of Rajshahi (RU),2,2,1,1,2,3,3,1,2,1,2,2,1,1,1,1,0,2,"Job Environment,Salary","Software Development,Database Administration"
139,0,4,2.87,University of Rajshahi (RU),2,1,2,1,1,2,2,2,1,1,1,2,0,1,1,1,0,1,Social Acceptance,"Bank Job,BCS,Govt Job"
140,0,3,3.82,University of Rajshahi (RU),3,2,1,1,2,2,2,1,1,2,2,2,1,1,1,2,0,1,"Job Security,Salary","Researcher,Abroad"
141,1,3,3.46,University of Rajshahi (RU),1,1,2,1,2,1,2,1,1,2,1,1,2,1,1,1,0,0,Social Acceptance,Other
142,0,3,3.21,Bangabandhu Sheikh Mujibur Rahman Science & Technology University (BSMRSTU),2,2,2,2,1,1,1,2,2,2,3,2,1,1,1,1,0,4,"Job Security,Salary,flaxible Work Life Balanced","Software Development,Bank Job,BCS,Govt Job"
143,0,4,2.75,Bangabandhu Sheikh Mujibur Rahman Science & Technology University (BSMRSTU),3,2,3,2,2,2,1,2,2,2,2,2,1,1,1,2,0,4,Job Security,"BCS,Govt Job"
144,0,4,3.58,Jahangirnagar University (JU),3,3,3,3,2,2,2,2,2,1,1,2,1,1,1,2,1,2,"Job Security,Salary,flaxible Work Life Balanced","Cyber Security,Researcher"
145,0,4,3.49,Bangabandhu Sheikh Mujibur Rahman Science & Technology University (BSMRSTU),1,1,1,1,1,2,3,1,3,2,2,1,1,1,1,1,0,6,"Job Security,Salary,flaxible Work Life Balanced","Software Development,Database Administration,Govt Job"
146,0,4,3.55,University of Dhaka (DU),3,3,3,3,3,3,3,2,3,1,0,1,1,2,0,2,1,3,"Salary,Job Environment",Software Development
147,0,4,3.85,University of Dhaka (DU),2,2,2,3,1,1,2,2,1,1,1,2,1,2,0,3,3,0,"Salary,flaxible Work Life Balanced",Abroad
148,0,4,3.11,University of Dhaka (DU),3,3,3,2,0,3,3,2,3,0,2,1,1,1,1,1,0,4,Social Acceptance,"Software Development,Database Administration"
149,1,4,3.5,University of Dhaka (DU),2,1,2,3,1,1,1,1,1,2,1,1,1,1,1,1,1,1,Job Security,"Bank Job,BCS,Govt Job"
150,0,4,2.98,University of Dhaka (DU),3,3,3,2,3,3,3,2,3,2,2,2,1,2,2,1,0,5,"Social Acceptance,Job Environment","Software Development,Database Administration"
151,0,4,3.8,Bangladesh University of Engineering & Technology (BUET),3,3,3,3,2,2,1,3,2,2,2,2,1,3,1,3,3,1,"Salary,flaxible Work Life Balanced","Researcher,Abroad"
152,0,4,3.5,Bangladesh University of Engineering & Technology (BUET),3,3,3,1,3,3,3,2,3,2,2,1,1,1,1,1,1,5,Job Security,"Software Development,Database Administration,Data Analysis"
153,0,4,3.1,Bangabandhu Sheikh Mujibur Rahman Science & Technology University (BSMRSTU),3,3,3,2,2,2,1,1,2,2,2,1,1,1,1,2,0,5,"Job Environment,Salary,flaxible Work Life Balanced","Software Development,Gaming"
154,0,4,2.89,Bangabandhu Sheikh Mujibur Rahman Science & Technology University (BSMRSTU),2,2,2,2,2,3,2,1,2,2,2,2,1,1,1,1,0,6,"Salary,Job Environment",Software Development
155,0,4,2.92,Patuakhali  Science and technology university (PSTU),2,3,2,3,2,2,3,2,3,2,2,1,1,1,1,1,0,5,"Salary,Job Environment",Software Development
156,0,4,3.08,Bangabandhu Sheikh Mujibur Rahman Science & Technology University (BSMRSTU),3,2,2,3,2,2,2,2,3,2,2,2,1,2,2,2,0,5,"Social Acceptance,Job Security,flaxible Work Life Balanced","Software Development,Management,Teaching,Govt Job"
157,0,4,2.7,Bangabandhu Sheikh Mujibur Rahman Science & Technology University (BSMRSTU),1,1,2,2,1,2,2,2,1,1,1,1,1,1,1,1,0,2,Social Acceptance,BCS
158,1,4,3.39,Bangabandhu Sheikh Mujibur Rahman Science & Technology University (BSMRSTU),2,2,2,2,2,2,1,2,3,1,2,2,0,2,1,0,0,4,"Job Environment,Salary","Software Development,Business,Abroad"
159,0,4,2.76,Bangabandhu Sheikh Mujibur Rahman Science & Technology University (BSMRSTU),2,1,2,2,2,2,2,3,2,2,1,1,1,2,1,1,1,4,"Social Acceptance,Job Security,Salary","Software Development,Data Analysis,Abroad"
160,0,4,2.95,Bangabandhu Sheikh Mujibur Rahman Science & Technology University (BSMRSTU),2,3,2,3,2,3,2,2,3,1,1,1,1,2,1,2,1,4,Salary,"Software Development,Abroad"
161,0,4,3.0,Patuakhali  Science and technology university (PSTU),2,3,2,3,2,2,3,2,3,1,2,2,1,2,2,1,2,6,"Job Environment,Salary","Database Administration,Data Analysis,ML/AI Engineer,Abroad,Other"
162,0,4,3.83,University of Rajshahi (RU),2,1,3,2,1,2,2,3,1,1,1,1,1,3,1,3,3,0,"Job Environment,flaxible Work Life Balanced",Abroad
163,0,4,3.18,Bangabandhu Sheikh Mujibur Rahman Science & Technology University (BSMRSTU),2,2,1,1,2,2,3,2,1,2,2,3,2,2,1,1,0,4,"Job Security,flaxible Work Life Balanced","Software Development,Database Administration,Data Analysis,ML/AI Engineer,Gaming"
164,0,4,3.34,Patuakhali  Science and technology university (PSTU),1,1,2,2,1,1,1,1,1,1,1,2,1,1,1,1,0,3,"Social Acceptance,flaxible Work Life Balanced",BCS
165,0,4,3.38,University of Chittagong (CU),3,3,3,1,3,3,3,2,3,1,1,1,2,2,1,1,0,5,Social Acceptance,"Software Development,Database Administration"
166,0,4,3.55,University of Chittagong (CU),2,1,2,2,1,1,1,1,1,1,2,1,1,1,1,2,0,0,Job Security,"Bank Job,BCS,Govt Job"
167,0,4,3.92,University of Chittagong (CU),3,3,3,3,2,2,1,2,1,2,3,1,1,3,1,3,2,1,flaxible Work Life Balanced,Abroad
168,0,4,2.92,University of Chittagong (CU),3,3,3,2,3,3,3,2,3,2,3,2,1,2,2,1,0,5,Job Security,"Software Development,Database Administration"
169,0,4,3.05,Rajshahi University of Engineering & Technology (RUET),1,3,2,2,2,1,2,1,2,1,1,2,1,1,1,2,1,4,"Salary,Job Environment",Software Development
170,0,4,3.78,Rajshahi University of Engineering & Technology (RUET),2,2,2,1,2,2,2,2,3,2,1,1,1,1,1,1,1,2,"Job Security,Job Environment,flaxible Work Life Balanced","Software Development,Abroad"
171,0,4,3.01,Rajshahi University of Engineering & Technology (RUET),2,1,2,3,2,1,1,1,1,1,1,1,1,1,1,1,0,4,Job Security,Bank Job
172,0,4,3.12,University of Chittagong (CU),1,3,3,3,2,2,2,2,1,1,1,1,1,1,1,2,1,2,"Social Acceptance,Job Security,Job Environment,Salary,flaxible Work Life Balanced","Software Development,ML/AI Engineer,Teaching"
173,0,4,2.9,University of Chittagong (CU),2,3,3,3,2,2,3,3,3,1,3,3,2,3,2,1,1,5,"Salary,Job Environment",Software Development
174,0,4,3.3244034707158354,University of Chittagong (CU),1,1,2,1,1,1,1,1,1,1,1,1,1,1,1,1,0,0,"Job Security,flaxible Work Life Balanced",Govt Job
175,1,4,3.66,Patuakhali  Science and technology university (PSTU),2,2,3,2,2,2,2,3,2,1,1,2,2,2,1,1,0,3,Job Environment,"Software Development,Cyber Security,ML/AI Engineer,Abroad"
176,0,4,3.21,Rajshahi University of Engineering & Technology (RUET),2,2,2,1,2,2,2,1,1,2,2,2,1,1,1,1,0,2,"Social Acceptance,Job Security,Job Environment,Salary,flaxible Work Life Balanced","Software Development,Teaching,Business"
177,0,4,3.66,Patuakhali  Science and technology university (PSTU),2,2,2,1,2,2,2,1,3,2,1,1,1,1,1,1,0,3,"Job Security,Job Environment,Salary,flaxible Work Life Balanced","Software Development,ML/AI Engineer,Researcher,Abroad"
178,1,3,3.3244034707158354,Patuakhali  Science and technology university (PSTU),2,2,3,3,1,2,1,1,1,1,1,1,1,1,1,1,0,2,"Social Acceptance,Job Security","Teaching,BCS,Govt Job"
179,1,4,3.8,Hajee Mohammad Danesh Science & Technology University (HMDSTU),3,2,3,3,2,2,2,1,1,2,2,2,2,1,1,1,1,4,"Social Acceptance,Job Security","Teaching,Bank Job"
180,0,4,3.13,Hajee Mohammad Danesh Science & Technology University (HMDSTU),2,2,2,1,2,2,0,0,0,0,0,0,0,0,0,0,0,1,Other Factor,"Software Development,Other"
181,1,4,3.61,University of Chittagong (CU),3,1,2,1,1,1,1,0,1,0,0,0,0,0,0,0,0,0,Social Acceptance,"Bank Job,Govt Job"
182,0,2,3.65,Hajee Mohammad Danesh Science & Technology University (HMDSTU),1,2,3,2,2,2,2,2,2,1,1,3,1,1,1,1,0,3,"Social Acceptance,Job Environment,Salary",Software Development
183,1,4,3.21,Hajee Mohammad Danesh Science & Technology University (HMDSTU),3,3,3,2,2,3,2,3,3,2,1,2,1,2,1,1,0,5,"Job Environment,Salary","Software Development,Data Analysis"
184,0,3,3.54,Hajee Mohammad Danesh Science & Technology University (HMDSTU),0,0,0,0,0,0,0,0,0,0,0,0,0,0,0,0,0,0,Other Factor,Other
185,0,3,3.5,"Independent University, Bangladesh (IUB)",1,2,2,1,1,2,2,1,1,1,1,1,1,0,0,0,0,3,"Job Environment,Salary,flaxible Work Life Balanced","Software Development,Management,Business"
186,0,4,1.75,"Independent University, Bangladesh (IUB)",2,2,3,2,2,2,1,1,2,1,1,1,1,1,1,1,0,0,"Salary,Job Environment",Software Development
187,0,3,3.37,University of Chittagong (CU),2,1,2,2,1,2,1,1,1,1,1,2,1,1,1,1,0,1,"Social Acceptance,Job Security,flaxible Work Life Balanced","Management,Bank Job,BCS,Govt Job"
188,1,4,3.92,"Independent University, Bangladesh (IUB)",2,1,2,2,1,1,1,1,1,1,1,1,1,1,1,3,2,2,"Job Environment,flaxible Work Life Balanced","Cyber Security,Abroad"
189,0,4,3.43,"Independent University, Bangladesh (IUB)",1,1,2,1,1,2,2,1,1,1,1,3,2,1,2,1,0,1,Salary,Networking
190,0,4,3.72,"Independent University, Bangladesh (IUB)",3,3,3,3,2,2,3,3,2,2,2,1,1,3,1,3,2,4,"Job Environment,Salary","Data Analysis,ML/AI Engineer,Abroad"
191,0,4,3.67,"Independent University, Bangladesh (IUB)",2,3,3,2,2,3,2,1,2,1,1,1,1,1,1,3,0,0,"Salary,Job Environment",Software Development
192,1,4,3.3,University of Rajshahi (RU),2,3,3,2,2,3,2,1,3,1,1,1,1,1,1,1,0,1,Salary,Software Development
193,0,4,3.43,University of Rajshahi (RU),2,2,2,2,2,2,3,2,3,2,3,3,2,2,1,2,0,5,Salary,Software Development
194,1,4,3.49,University of Rajshahi (RU),3,3,2,2,2,3,3,2,3,2,3,3,2,2,0,1,0,5,"Job Environment,Salary","Software Development,Cyber Security,Business"
195,1,2,2.83,Jahangirnagar University (JU),2,1,2,2,1,2,1,1,1,1,1,1,1,1,1,1,0,1,"Job Security,Job Environment,flaxible Work Life Balanced","Cyber Security,Business,Abroad"
196,0,2,2.98,"Independent University, Bangladesh (IUB)",2,2,3,2,1,2,1,2,1,1,1,1,2,2,0,2,1,1,"Job Security,Job Environment","Software Development,Cyber Security,Data Analysis,Management"
197,0,3,3.2,University of Rajshahi (RU),2,2,2,1,1,2,2,2,2,1,1,2,1,1,2,1,1,2,"Social Acceptance,Job Security","Software Development,Networking,Cyber Security,Data Analysis"
198,0,4,3.16,University of Rajshahi (RU),1,2,1,1,2,2,1,3,1,1,2,2,2,1,1,2,1,1,"Social Acceptance,Job Security","Software Development,Cyber Security,Data Analysis"
199,0,4,2.92,Jahangirnagar University (JU),2,2,2,3,2,2,2,2,2,1,2,1,1,1,1,3,2,2,Social Acceptance,Software Development
200,0,4,3.22,Jahangirnagar University (JU),3,2,2,2,1,2,2,3,2,2,1,1,2,2,1,3,3,1,flaxible Work Life Balanced,Abroad
201,1,4,1.6,Jahangirnagar University (JU),2,2,2,1,1,1,1,3,1,1,1,1,1,2,1,1,0,2,Job Security,ML/AI Engineer
202,0,4,3.41,University of Chittagong (CU),2,3,2,1,1,3,1,1,1,1,1,1,1,1,1,1,0,1,"Salary,flaxible Work Life Balanced","Software Development,ML/AI Engineer"
203,1,4,3.5,Faridpur Engineering College,2,2,2,2,1,2,1,1,2,1,1,1,1,1,1,1,0,2,"Salary,Job Environment
","Software Development,Abroad"
204,0,4,0.0,United International University (UIU),2,3,2,2,2,2,2,2,2,2,2,2,2,2,2,2,0,2,Salary,Software Development
205,0,4,3.4,Faridpur Engineering College,2,2,2,1,2,2,2,2,1,2,1,2,2,2,2,2,1,3,"Salary,flaxible Work Life Balanced","Software Development,Data Analysis"
206,0,4,3.17,Comilla University (CoU),2,2,2,2,1,1,1,2,2,1,2,1,2,0,1,1,1,1,Social Acceptance,"Bank Job,Govt Job"
207,0,4,3.58,Comilla University (CoU),2,2,2,3,1,2,2,1,2,1,2,1,1,1,1,1,0,6,"Salary,Job Environment",Software Development
208,1,4,3.79,Comilla University (CoU),3,3,3,3,2,2,1,3,1,2,1,1,1,2,1,2,2,3,"Salary,flaxible Work Life Balanced",Teaching
209,1,4,3.72,Comilla University (CoU),2,2,3,3,2,3,2,2,2,2,1,1,1,1,1,1,1,1,"Social Acceptance,Job Security,Job Environment,Salary,flaxible Work Life Balanced","Software Development,Teaching"
210,1,4,3.59,Comilla University (CoU),2,3,2,2,2,2,3,1,1,2,1,0,2,1,0,2,1,3,"Job Environment,Salary,flaxible Work Life Balanced","Database Administration,Teaching,Abroad"
211,1,4,3.6,Comilla University (CoU),1,1,2,2,1,2,1,1,1,2,2,1,2,1,1,1,0,0,flaxible Work Life Balanced,Business
212,0,3,3.6,Comilla University (CoU),2,1,2,2,1,2,2,2,1,1,1,1,1,1,0,0,0,2,Social Acceptance,"Software Development,Data Analysis,ML/AI Engineer,Abroad"
213,1,4,3.47,Comilla University (CoU),1,2,2,2,2,2,2,1,2,1,1,1,1,0,1,0,0,3,"Job Environment,Salary",Software Development
214,1,3,3.5,Comilla University (CoU),3,2,3,3,1,2,1,2,1,1,1,1,1,1,1,2,1,2,"Salary,flaxible Work Life Balanced","Business,Abroad"
215,0,4,3.2,Daffodil International University (DIU),2,3,2,2,2,3,2,2,2,2,2,2,2,2,2,2,1,4,Job Environment,Software Development
216,0,4,3.64,Comilla University (CoU),2,2,2,1,2,2,2,1,2,2,2,1,1,1,1,1,0,0,"Job Environment,Salary,flaxible Work Life Balanced","Software Development,Networking,Cyber Security"
217,0,4,3.7,Comilla University (CoU),2,3,2,2,2,1,1,1,2,1,1,1,1,1,0,1,0,3,Social Acceptance,Abroad
218,0,4,3.3,Northern University Bangladesh (NUB),2,2,2,1,2,2,2,2,1,1,2,1,1,1,2,1,0,3,Job Security,Govt Job
219,1,4,3.79,Comilla University (CoU),2,3,3,3,2,3,2,2,3,2,1,1,1,1,1,1,0,2,"Job Environment,Salary",Software Development
220,0,4,3.09,American International University-Bangladesh (AIUB),1,2,1,1,1,1,2,2,1,1,2,2,2,2,1,2,2,1,"Social Acceptance,Job Security,Job Environment","Software Development,Networking,Cyber Security,Data Analysis"
221,0,4,3.26,American International University-Bangladesh (AIUB),2,2,1,2,1,1,2,2,1,1,1,1,1,2,1,2,2,3,Job Environment,Abroad
222,0,4,3.56,American International University-Bangladesh (AIUB),2,2,3,3,1,2,1,1,1,1,1,1,1,1,1,1,0,1,"Salary,Job Environment",Software Development
223,0,4,3.0,University of Rajshahi (RU),2,3,3,2,2,2,2,2,1,1,2,1,1,1,1,1,0,3,Job Security,Other
224,0,4,3.2,American International University-Bangladesh (AIUB),1,1,2,2,1,1,1,1,1,1,1,1,1,1,1,1,0,4,Other Factor,Other
225,0,4,3.4,American International University-Bangladesh (AIUB),3,2,3,3,2,2,2,2,2,2,1,1,0,1,1,1,0,1,"Salary,flaxible Work Life Balanced",Management
226,0,4,2.88,Jahangirnagar University (JU),1,3,2,2,1,2,2,2,2,2,3,1,1,1,1,1,0,2,Social Acceptance,Software Development
227,0,4,3.71,Khulna University (KU),2,2,2,3,3,3,3,1,3,1,1,1,1,1,1,1,0,2,"Social Acceptance,Job Environment,Salary",Software Development
228,0,4,3.66,American International University-Bangladesh (AIUB),1,3,3,3,3,2,2,1,1,1,0,2,2,2,1,1,0,2,"Job Security,Job Environment,Salary","Software Development,Cyber Security"
229,0,4,3.57,American International University-Bangladesh (AIUB),1,2,2,2,1,1,2,3,2,1,2,1,1,0,1,1,2,2,"Social Acceptance,Job Security,Job Environment","Software Development,Networking,Cyber Security,Data Analysis"
230,0,4,3.27,American International University-Bangladesh (AIUB),1,2,1,1,2,2,1,2,1,1,2,2,2,1,1,2,2,3,"Social Acceptance,Job Security,Job Environment","Software Development,Networking,Cyber Security,Data Analysis"
231,0,4,3.33,American International University-Bangladesh (AIUB),2,2,2,3,2,3,2,1,1,1,1,1,1,1,1,0,0,0,Other Factor,Other
232,0,4,3.2,Jahangirnagar University (JU),1,1,1,2,1,1,1,1,1,1,1,1,1,1,1,1,0,3,Other Factor,Other
233,0,4,3.15,Daffodil International University (DIU),3,3,3,1,2,3,3,2,2,2,3,2,2,1,2,2,0,4,"Salary,Job Environment","Software Development,Networking,Cyber Security"
234,0,4,3.0,American International University-Bangladesh (AIUB),2,2,3,3,3,2,3,3,2,3,3,3,3,3,3,3,2,3,"Salary,Job Environment","Software Development,Other"
235,0,4,3.91,Port City International University (PCIU),2,2,3,2,2,2,2,2,3,2,2,1,2,3,2,3,0,4,"Social Acceptance,Salary,Job Environment","Software Development,ML/AI Engineer,Gaming"
236,0,4,3.63,Daffodil International University (DIU),1,2,3,2,2,2,2,2,3,2,2,2,2,1,1,1,0,2,"Salary,Job Environment",Software Development
237,0,4,3.16,Northern University Bangladesh (NUB),1,2,1,2,1,1,2,3,1,1,2,1,2,2,1,2,2,2,"Social Acceptance,Job Security,Job Environment","Networking,Cyber Security"
238,1,4,3.3,United International University (UIU),3,2,1,1,1,1,1,1,1,1,1,1,1,1,0,0,0,1,"Social Acceptance,Job Security,flaxible Work Life Balanced","Bank Job,BCS,Business,Govt Job"
239,0,4,3.15,American International University-Bangladesh (AIUB),2,1,3,1,1,1,1,1,1,1,1,1,1,1,1,1,1,1,flaxible Work Life Balanced,"Software Development,Database Administration,Management"
240,0,4,3.41,Daffodil International University (DIU),3,2,3,2,3,2,3,2,3,2,3,3,3,2,2,2,0,3,"Job Security,Job Environment,Salary","Software Development,Data Analysis"
241,1,3,3.52,Rajshahi University of Engineering & Technology (RUET),2,2,3,3,2,2,2,2,1,1,2,3,2,2,2,2,1,2,"Job Environment,Salary","Software Development,Cyber Security,Abroad"
242,0,3,3.54,Rajshahi University of Engineering & Technology (RUET),3,3,2,1,2,2,1,3,3,1,1,1,1,2,1,0,0,2,"Social Acceptance,Job Environment,Salary","Software Development,ML/AI Engineer,Abroad"
243,0,3,3.32,Hajee Mohammad Danesh Science & Technology University (HMDSTU),2,2,2,2,1,2,1,1,0,1,1,1,1,1,1,1,0,2,"Salary,Job Security",Software Development
244,0,3,3.71,Hajee Mohammad Danesh Science & Technology University (HMDSTU),3,3,2,2,2,2,2,1,1,2,2,1,1,1,1,1,0,2,"Social Acceptance,Job Environment,Salary","Software Development,Abroad"
245,0,3,3.69,Hajee Mohammad Danesh Science & Technology University (HMDSTU),2,2,2,2,2,2,2,1,2,2,2,2,1,1,1,1,0,2,Salary,Teaching
246,0,3,3.25,Hajee Mohammad Danesh Science & Technology University (HMDSTU),1,1,1,1,1,1,1,1,1,1,1,1,1,1,1,1,0,2,"Social Acceptance,Job Security,Salary,flaxible Work Life Balanced","Bank Job,BCS,Govt Job"
247,0,3,3.0,Hajee Mohammad Danesh Science & Technology University (HMDSTU),2,1,2,1,2,2,2,1,2,2,2,2,1,1,1,1,0,4,"Social Acceptance,Job Environment",Software Development
248,1,4,3.62,International University of Business Agriculture & Technology (IUBAT),2,1,1,1,0,0,0,0,0,0,0,0,1,0,0,0,0,0,Job Security,Cyber Security
249,1,4,2.93,Daffodil International University (DIU),1,2,1,1,1,1,1,1,1,1,1,1,1,1,1,1,0,1,flaxible Work Life Balanced,Other
250,0,4,3.26,International Islamic University Chittagong (IIUC),2,2,2,1,2,2,2,2,2,1,1,2,2,2,1,1,0,3,"Social Acceptance,Job Environment","Software Development,Teaching,Govt Job"
251,0,3,3.48,Hajee Mohammad Danesh Science & Technology University (HMDSTU),1,1,2,1,1,1,1,2,1,1,1,1,1,1,1,1,0,2,Job Environment,Teaching
252,1,4,3.66,Khulna University (KU),2,2,2,1,2,2,2,3,3,1,1,1,0,2,0,0,1,5,"Job Environment,Salary","Software Development,Data Analysis,ML/AI Engineer"
253,0,4,3.11,Khulna University (KU),3,2,2,1,1,2,1,2,3,1,1,0,0,1,0,0,0,2,"Salary,flaxible Work Life Balanced","Software Development,BCS"
254,1,4,3.8,Noakhali Science & Technology University (NSTU),3,2,3,3,2,2,2,2,2,1,1,1,1,1,0,1,1,3,"Job Security,flaxible Work Life Balanced","Teaching,Researcher"
255,0,4,3.2,East West University (EWU),3,2,3,2,2,2,2,3,1,1,1,3,2,2,1,1,0,5,"Job Environment,Salary","Networking,Cyber Security,ML/AI Engineer"
256,1,3,2.93,Khulna University (KU),1,1,1,2,1,1,1,0,0,1,1,0,0,0,0,0,0,1,Job Security,"Bank Job,BCS,Govt Job"
257,0,4,3.35,Shahjalal University of Science & Technology (SUST),3,2,3,2,2,2,2,1,2,1,1,2,1,1,3,2,1,5,Salary,"Software Development,Database Administration,ML/AI Engineer"
258,0,4,3.66,Shahjalal University of Science & Technology (SUST),3,2,3,3,2,2,2,2,1,2,2,2,1,2,0,2,2,4,"Job Environment,Salary","Networking,Researcher,Abroad"
259,0,4,2.56,Shahjalal University of Science & Technology (SUST),3,3,2,2,3,3,2,1,3,0,1,1,0,1,0,2,1,1,"Social Acceptance,Job Environment,Salary",Software Development
260,0,4,3.66,Shahjalal University of Science & Technology (SUST),2,2,3,3,2,2,1,2,1,0,2,3,0,2,0,1,0,5,"Job Environment,Salary","Software Development,ML/AI Engineer"
261,1,4,3.0,Shahjalal University of Science & Technology (SUST),1,2,2,1,1,1,1,1,1,1,1,1,1,1,0,0,0,1,flaxible Work Life Balanced,"Bank Job,BCS,Govt Job"
262,0,4,3.07,Shahjalal University of Science & Technology (SUST),1,2,3,2,3,2,2,1,1,2,2,3,2,1,0,0,0,4,"Job Environment,Salary",Software Development
263,0,4,3.66,Shahjalal University of Science & Technology (SUST),2,1,3,3,2,2,1,2,1,2,2,3,2,1,2,0,0,4,"Job Environment,Salary","Software Development,ML/AI Engineer"
264,0,4,3.56,"Islamic University, Bangladesh (IU)",3,3,3,2,3,3,3,2,3,2,2,1,1,1,1,1,0,3,Salary,"Software Development,Database Administration"
265,0,4,3.88,"Islamic University, Bangladesh (IU)",3,2,2,2,2,2,2,2,1,1,2,2,1,1,1,3,3,1,Job Security,"Teaching,Bank Job"
266,1,4,3.9,"Islamic University, Bangladesh (IU)",3,3,2,3,2,2,2,1,2,2,2,2,1,1,1,3,3,1,Job Security,"Teaching,Bank Job"
267,0,4,2.95,"Islamic University, Bangladesh (IU)",3,3,3,2,3,3,1,1,3,2,3,1,1,1,1,1,0,4,"Job Environment,Salary","Software Development,Database Administration"
268,0,4,3.0,Shahjalal University of Science & Technology (SUST),3,3,3,2,3,3,3,2,3,3,3,3,2,1,1,1,0,5,"Job Environment,Salary","Software Development,Networking"
269,0,4,3.23,Shahjalal University of Science & Technology (SUST),3,2,2,2,2,3,2,3,1,1,1,2,1,3,0,1,0,4,"Job Environment,Salary","Data Analysis,ML/AI Engineer"
270,1,4,2.98,University of Chittagong (CU),1,1,1,1,1,1,1,1,1,1,1,1,1,1,1,1,0,2,"Social Acceptance,Job Security,Salary,flaxible Work Life Balanced","Bank Job,BCS,Govt Job"
271,0,4,3.78,Shahjalal University of Science & Technology (SUST),2,1,2,1,2,2,2,1,2,2,2,2,1,1,1,1,0,4,"Social Acceptance,Job Environment",Software Development
272,0,4,2.91,University of Chittagong (CU),2,1,1,1,0,0,0,0,0,0,0,0,1,0,0,0,0,0,Job Security,Cyber Security
273,0,4,3.33,Jahangirnagar University (JU),1,2,1,1,1,1,1,1,1,1,1,1,1,1,1,1,0,1,flaxible Work Life Balanced,Other
274,0,4,3.22,Noakhali Science & Technology University (NSTU),2,2,2,2,2,2,2,2,2,1,1,2,2,2,1,1,0,3,"Social Acceptance,Job Environment","Software Development,Teaching,Govt Job"
275,0,4,3.44,Khulna University (KU),1,1,2,1,1,1,1,2,1,1,1,1,1,1,1,1,0,2,Job Environment,Teaching
276,0,4,3.82,Khulna University (KU),2,2,2,1,2,2,2,3,3,1,1,1,0,2,0,0,1,5,"Job Environment,Salary","Software Development,Data Analysis,ML/AI Engineer"
277,1,4,3.2,Khulna University (KU),3,2,2,1,1,2,1,2,3,1,1,0,0,1,0,0,0,2,"Salary,flaxible Work Life Balanced","Software Development,BCS"
278,0,4,3.75,Khulna University (KU),3,2,3,3,1,2,2,2,2,2,2,1,1,1,1,1,1,3,"Job Security,flaxible Work Life Balanced","Teaching,Researcher"
279,1,4,3.23,Khulna University (KU),3,2,3,2,2,2,2,3,1,1,1,3,2,2,1,1,0,5,"Job Environment,Salary","Networking,Cyber Security,ML/AI Engineer"
280,0,4,3.71,Khulna University (KU),1,1,1,2,1,1,1,0,0,1,1,0,0,0,0,0,0,1,Job Security,"Bank Job,BCS,Govt Job"
281,0,4,3.13,Khulna University (KU),3,2,3,2,2,2,2,1,2,1,1,2,1,1,3,2,1,5,Salary,"Software Development,Database Administration,ML/AI Engineer"
282,0,4,2.93,Khulna University (KU),3,2,3,3,2,2,2,2,1,2,2,2,1,2,0,2,2,4,"Job Environment,Salary","Networking,Researcher,Abroad"
283,0,4,3.01,Shahjalal University of Science & Technology (SUST),3,3,2,2,3,3,2,1,3,0,1,1,0,1,0,2,1,1,"Social Acceptance,Job Environment,Salary",Software Development
284,0,4,3.0,"Islamic University, Bangladesh (IU)",2,2,3,3,2,2,1,2,1,0,2,3,0,2,0,1,0,5,"Job Environment,Salary","Software Development,ML/AI Engineer"
285,1,3,3.1,Shahjalal University of Science & Technology (SUST),3,3,3,3,3,0,2,3,2,2,2,1,1,3,1,1,0,3,Job Environment,"Data Analysis,ML/AI Engineer"
286,0,4,2.9,Bangabandhu Sheikh Mujibur Rahman Science & Technology University (BSMRSTU),1,1,2,2,1,1,1,1,1,2,2,2,1,1,2,2,0,4,"Social Acceptance,Job Security,Job Environment","Software Development,Networking,Management,Teaching"
287,0,3,3.25,University of Rajshahi (RU),2,2,2,2,2,2,2,2,2,2,2,1,1,2,2,1,0,3,"Job Environment,Salary","Software Development,Data Analysis,UI/UX Designing,Gaming"
288,0,3,3.5,University of Rajshahi (RU),3,3,2,2,2,3,3,2,3,2,1,2,2,2,1,1,1,3,"Social Acceptance,Job Security,Job Environment,Salary","Software Development,Networking,Cyber Security,Database Administration,Data Analysis,ML/AI Engineer"
289,0,3,3.75,University of Chittagong (CU),3,3,3,3,2,2,3,3,1,1,2,1,1,2,2,2,1,2,"Job Security,Job Environment","Database Administration,Teaching,Researcher"
290,0,2,3.15,"Islamic University, Bangladesh (IU)",1,2,2,2,1,2,2,1,2,1,2,2,1,1,2,0,0,2,"Social Acceptance,Job Security,Job Environment,Salary,flaxible Work Life Balanced","Software Development,Networking,Cyber Security,Database Administration,ML/AI Engineer,Gaming"
291,0,4,2.75,National University (NU),2,2,2,2,1,2,2,2,2,1,1,1,1,1,1,1,0,2,"Job Environment,Salary,flaxible Work Life Balanced","Software Development,Data Analysis,UI/UX Designing"
292,0,4,3.28,"Islamic University, Bangladesh (IU)",2,3,3,3,2,2,2,1,1,1,1,3,2,1,1,0,0,3,"Job Environment,Salary","Networking,Cyber Security"
293,0,3,3.79,United International University (UIU),2,2,2,1,2,2,2,1,2,2,1,2,2,0,2,1,1,2,Social Acceptance,"Software Development,ML/AI Engineer,Teaching,Researcher"
294,0,4,3.76,"Islamic University, Bangladesh (IU)",2,2,2,3,1,2,2,2,1,1,2,1,1,1,1,1,1,2,Job Security,"Teaching,BCS,Govt Job"
295,0,4,3.29,"Islamic University, Bangladesh (IU)",2,3,2,2,1,2,3,2,2,3,3,3,2,2,3,0,0,1,Salary,"Cyber Security,Hardware Sector"
296,0,4,2.9,"Islamic University, Bangladesh (IU)",1,2,1,2,1,1,1,3,1,3,3,3,3,1,0,1,1,1,"Job Environment,Salary","Networking,Cyber Security"
297,0,4,3.41,"Islamic University, Bangladesh (IU)",2,2,2,2,2,3,2,3,2,0,1,2,1,3,1,2,1,2,Job Environment,"Data Analysis,ML/AI Engineer"
298,0,4,3.09,"Islamic University, Bangladesh (IU)",3,3,3,3,3,3,2,1,3,2,3,3,1,1,1,1,1,5,Job Environment,"Software Development,Networking"
299,0,4,3.5,University of Dhaka (DU),2,3,2,2,2,2,2,3,2,3,3,2,1,2,2,1,0,4,Salary,"Data Analysis,Hardware Sector"
300,1,4,3.81,"Islamic University, Bangladesh (IU)",2,2,2,3,2,3,1,2,1,1,2,2,1,2,1,3,4,1,flaxible Work Life Balanced,"Researcher,Abroad"
301,1,4,3.0,University of Rajshahi (RU),2,1,2,3,1,2,1,1,1,1,1,2,1,1,1,1,0,2,Job Security,"Bank Job,BCS,Govt Job"
302,0,4,3.78,Bangladesh Agricultural University (BAU),2,2,3,3,2,3,2,3,2,2,3,3,2,2,2,3,5,3,"Social Acceptance,Job Environment,Salary","Teaching,Researcher,Abroad"
303,1,4,3.33,Bangladesh University of Engineering & Technology (BUET),2,3,3,3,2,3,2,2,3,1,1,2,1,1,1,1,0,3,"Job Environment,Salary","Software Development,UI/UX Designing"
304,0,4,2.85,University of Chittagong (CU),1,2,3,2,2,2,2,1,1,2,1,2,2,1,1,1,0,1,"Social Acceptance,Job Security","BCS,Govt Job"
305,0,4,3.0,Jahangirnagar University (JU),2,2,3,3,1,2,1,1,2,2,2,1,1,1,0,0,0,2,flaxible Work Life Balanced,Business
306,0,4,3.15,Jahangirnagar University (JU),2,2,3,3,3,3,2,1,3,1,3,2,2,1,1,1,0,3,Salary,Software Development
307,0,4,3.36,Jahangirnagar University (JU),1,2,1,2,2,2,1,1,2,3,3,3,3,0,0,1,0,1,Job Security,"Networking,Cyber Security"
308,0,4,3.25,"Islamic University, Bangladesh (IU)",3,2,3,3,1,2,2,1,1,2,2,2,1,0,0,0,0,3,flaxible Work Life Balanced,"Management,Business"
309,0,4,3.75,Jahangirnagar University (JU),2,2,3,3,1,1,2,0,1,1,2,2,2,2,2,1,2,2,flaxible Work Life Balanced,"Teaching,Bank Job,BCS,Govt Job"
310,0,1,3.42,Hajee Mohammad Danesh Science & Technology University (HMDSTU),2,3,3,3,1,3,2,0,2,1,1,1,1,0,1,1,0,1,Job Environment,"Data Analysis,ML/AI Engineer"
311,0,4,3.6,University of Chittagong (CU),2,3,3,3,2,3,3,2,2,2,2,1,1,1,1,0,0,3,"Job Environment,Salary",Database Administration
312,0,4,3.85,"Islamic University, Bangladesh (IU)",3,3,2,3,3,3,2,3,1,2,2,1,1,2,1,3,2,4,"Salary,flaxible Work Life Balanced","Researcher,Abroad"
313,1,4,3.41,Bangabandhu Sheikh Mujib Medical University (BSMMU),2,2,2,3,2,2,1,2,2,2,3,3,3,2,2,0,0,3,"Job Environment,Salary","Networking,Cyber Security"
314,0,4,3.28,Dhaka University of Engineering & Technology (DUET),1,2,2,2,3,3,3,2,2,3,2,2,2,2,1,1,1,1,Job Environment,"Database Administration,Data Analysis"
315,0,4,3.48,Patuakhali Science And Technology University (PSTU),2,3,3,3,0,3,2,3,3,1,3,1,1,2,1,1,1,5,Job Environment,"Software Development,Data Analysis"
316,0,4,3.11,Jahangirnagar University (JU),3,2,3,2,1,2,2,1,1,1,2,2,1,1,1,1,0,2,"Social Acceptance,Job Security","Bank Job,BCS,Govt Job"
317,0,4,3.76,Patuakhali Science And Technology University (PSTU),2,2,2,3,1,2,2,3,1,2,2,1,1,3,1,3,4,1,"Salary,flaxible Work Life Balanced","Researcher,Abroad"
318,1,4,3.78,Khulna University (KU),3,3,3,3,3,3,3,2,2,2,3,2,1,1,1,2,1,3,"Social Acceptance,flaxible Work Life Balanced",Teaching
319,0,4,3.45,Hajee Mohammad Danesh Science & Technology University (HMDSTU),3,2,3,3,1,2,2,2,1,0,2,1,1,1,1,1,1,0,flaxible Work Life Balanced,"Bank Job,BCS,Govt Job"
320,1,4,3.5,Hajee Mohammad Danesh Science & Technology University (HMDSTU),3,3,2,2,2,3,2,3,2,2,1,2,1,3,2,0,0,6,"Job Environment,Salary","Data Analysis,ML/AI Engineer"
321,1,4,3.33,Hajee Mohammad Danesh Science & Technology University (HMDSTU),3,2,3,2,3,2,2,1,3,2,2,3,2,1,0,1,0,4,"Job Environment,Salary","Networking,Cyber Security"
322,0,4,2.85,National University (NU),2,3,3,2,3,2,2,2,3,1,2,2,2,1,1,2,1,6,Salary,Software Development
323,1,4,3.68,Shahjalal University of Science & Technology (SUST),2,2,3,2,2,2,2,1,1,2,2,2,1,1,1,1,0,2,"Social Acceptance,flaxible Work Life Balanced","Bank Job,BCS,Business,Govt Job"
324,0,4,3.92,Jagannath University (JnU),2,3,2,3,1,2,2,2,1,2,1,1,1,2,1,3,3,1,flaxible Work Life Balanced,"Researcher,Abroad"
325,1,4,3.0,University of Dhaka (DU),2,2,3,2,1,2,0,1,2,1,1,1,1,1,1,1,0,4,Salary,UI/UX Designing
326,0,4,3.23,University of Barishal (BU),3,3,3,3,1,1,1,1,1,2,2,1,2,1,1,1,0,1,flaxible Work Life Balanced,"Management,Business"
327,0,4,3.08,Bangladesh University of Engineering & Technology (BUET),2,2,3,3,2,2,2,2,1,1,1,1,1,1,1,1,0,2,Job Environment,Management
328,0,4,3.47,BRAC University (BRACU),2,3,2,3,3,3,3,3,3,1,3,2,2,2,1,1,1,5,"Job Environment,Salary","Software Development,ML/AI Engineer"
329,0,4,3.95,BRAC University (BRACU),2,2,2,3,2,2,2,2,1,2,2,1,1,2,1,3,5,2,"Salary,flaxible Work Life Balanced","Researcher,Abroad"
330,0,4,2.91,Patuakhali Science And Technology University (PSTU),1,2,3,3,2,2,2,2,2,1,2,1,1,1,1,1,0,2,flaxible Work Life Balanced,"Management,Business"
331,0,4,3.5,BRAC University (BRACU),2,2,2,3,1,2,3,2,1,1,2,2,2,1,0,1,0,2,"Job Environment,Salary","Cyber Security,Database Administration"
332,0,4,3.0,Bangladesh Open University (BOU),1,2,2,3,1,2,2,1,2,1,0,2,1,1,1,2,1,2,flaxible Work Life Balanced,Business
333,0,4,3.02,Khulna University of Engineering & Technology (KUET),2,3,2,3,3,3,2,2,3,2,3,2,2,2,1,1,0,6,Job Environment,Software Development
334,0,4,3.61,Bangladesh University of Engineering & Technology (BUET),2,2,2,2,2,2,3,3,2,1,1,2,2,3,1,1,0,2,"Job Environment,Salary","Data Analysis,ML/AI Engineer"
335,0,4,2.98,University of Rajshahi (RU),3,2,3,3,2,2,1,2,1,3,3,2,1,2,3,0,0,3,"Job Environment,Salary","Hardware Sector,Gaming"
336,0,4,3.55,Chittagong University of Engineering & Technology (CUET),2,3,2,3,3,3,3,2,3,2,3,3,3,1,1,1,0,3,"Salary,flaxible Work Life Balanced","Software Development,Networking,Cyber Security,Database Administration"
337,0,1,3.66,Northern University Bangladesh (NUB),3,2,3,3,1,1,2,0,2,1,1,1,1,0,1,0,0,1,"Salary,flaxible Work Life Balanced","Teaching,Govt Job"
338,1,4,3.9,Chittagong University of Engineering & Technology (CUET),3,3,3,3,2,2,2,2,2,1,2,2,1,2,1,2,2,2,"Salary,flaxible Work Life Balanced","Teaching,Researcher"
339,1,4,3.85,Rajshahi University of Engineering & Technology (RUET),3,3,3,3,2,3,1,3,2,1,3,2,2,2,2,2,2,2,"Salary,flaxible Work Life Balanced","Researcher,Abroad"
340,0,4,3.15,University of Rajshahi (RU),1,3,2,2,2,2,3,3,2,1,3,2,2,3,2,1,0,4,"Job Environment,flaxible Work Life Balanced","Database Administration,Data Analysis,ML/AI Engineer"
341,1,4,3.94,Jatiya Kabi Kazi Nazrul Islam University (JKKNIU),3,3,3,3,2,2,2,3,2,2,2,0,1,2,0,3,5,3,Salary,"Researcher,Abroad"
342,0,3,2.9,Khulna University (KU),2,2,3,3,1,2,2,1,2,2,2,2,1,1,2,1,0,4,"Job Environment,Salary","UI/UX Designing,Management"
343,0,4,3.16,Shahjalal University of Science & Technology (SUST),2,1,2,2,2,2,1,1,2,2,1,2,1,0,1,1,0,2,Job Environment,UI/UX Designing
344,0,4,3.52,Jessore University of Science & Technology (JUST),3,3,3,3,3,3,3,3,3,1,3,2,1,1,1,1,0,6,"Job Environment,Salary,flaxible Work Life Balanced","Networking,Data Analysis,ML/AI Engineer"
345,0,4,3.43,National University (NU),2,1,3,3,1,0,2,0,1,2,2,1,1,1,1,1,0,0,flaxible Work Life Balanced,"Management,Business"
346,1,4,3.56,University of Dhaka (DU),3,2,3,3,2,2,2,1,0,2,1,1,1,1,1,2,1,1,"Salary,flaxible Work Life Balanced","Teaching,Bank Job,BCS,Govt Job"
347,0,4,3.39,University of Dhaka (DU),2,3,3,3,1,2,3,2,2,2,2,3,3,1,1,1,0,1,"Job Environment,Salary","Networking,Cyber Security,Database Administration"
348,0,4,3.97,University of Dhaka (DU),2,2,2,3,2,2,0,3,2,2,2,2,2,2,1,3,3,2,"Salary,flaxible Work Life Balanced","Researcher,Abroad"
349,0,4,3.85,Bangladesh University of Engineering & Technology (BUET),3,3,3,3,2,0,3,3,2,2,3,2,3,3,3,3,5,4,"Salary,flaxible Work Life Balanced","ML/AI Engineer,Researcher,Abroad"
350,0,4,3.5,Bangladesh University of Engineering & Technology (BUET),2,2,2,2,2,2,2,2,2,2,2,3,3,1,1,1,0,2,Job Environment,Cyber Security
351,0,4,3.58,Bangladesh University of Engineering & Technology (BUET),2,2,2,2,2,3,2,3,2,2,2,2,1,3,0,1,0,1,"Salary,flaxible Work Life Balanced","Data Analysis,ML/AI Engineer"
352,1,4,3.38,Bangladesh University of Engineering & Technology (BUET),2,2,3,3,1,2,2,1,1,0,2,2,1,1,1,1,0,1,"Salary,flaxible Work Life Balanced","BCS,Govt Job"
353,0,4,2.96,Bangladesh University of Engineering & Technology (BUET),3,2,3,2,3,3,3,3,3,2,3,1,0,2,2,1,0,5,Salary,Software Development
354,0,4,3.74,Bangladesh University of Engineering & Technology (BUET),2,2,3,3,2,2,2,3,1,1,3,2,2,3,2,3,4,2,flaxible Work Life Balanced,Abroad
355,0,4,3.04,North South University (NSU),2,3,3,3,3,3,0,3,3,1,3,3,3,3,1,1,1,5,"Salary,flaxible Work Life Balanced","Software Development,ML/AI Engineer"
356,0,4,3.67,North South University (NSU),3,3,3,3,2,2,1,2,2,1,3,1,2,2,2,3,5,1,"Salary,flaxible Work Life Balanced","Teaching,Researcher,Abroad"
357,0,4,3.55,Noakhali Science & Technology University (NSTU),2,3,2,2,2,2,3,3,2,2,3,2,1,3,1,2,1,1,Salary,"Database Administration,Data Analysis,ML/AI Engineer"
358,0,4,3.0,Noakhali Science & Technology University (NSTU),3,3,3,3,1,2,2,2,1,2,2,1,1,1,0,1,0,1,flaxible Work Life Balanced,"Management,Business"
359,1,4,3.35,Bangabandhu Sheikh Mujibur Rahman Science & Technology University (BSMRSTU),2,2,3,2,2,2,3,1,2,2,2,1,1,1,1,1,0,3,Salary,"Software Development,Database Administration"
360,0,4,3.06,University of Rajshahi (RU),3,2,2,3,2,2,2,1,3,2,2,2,1,1,1,2,0,3,"Social Acceptance,Salary","Software Development,UI/UX Designing,Gaming,Researcher"
361,1,4,3.45,University of Rajshahi (RU),2,2,2,1,3,3,2,3,3,1,1,1,0,3,1,3,3,0,"Social Acceptance,Job Environment,Salary","Software Development,Data Analysis,ML/AI Engineer,Researcher"
362,1,4,3.79,University of Chittagong (CU),3,3,3,3,2,2,3,2,1,2,2,2,2,2,2,3,2,2,"Salary,flaxible Work Life Balanced","Teaching,Bank Job"
363,0,4,3.12,Shahjalal University of Science & Technology (SUST),2,3,3,3,3,3,3,1,3,2,3,1,2,0,0,1,0,4,"Job Environment,Salary","Software Development,UI/UX Designing"
364,1,4,3.92,University of Chittagong (CU),3,3,3,3,2,2,3,3,2,2,3,2,2,3,3,3,4,2,"Salary,flaxible Work Life Balanced","Researcher,Abroad"
365,0,4,2.78,University of Chittagong (CU),2,3,3,3,3,3,3,3,3,2,3,2,0,0,2,2,1,6,"Job Environment,Salary","Software Development,Networking"
366,1,4,3.9,University of Chittagong (CU),3,3,3,3,2,2,2,3,2,1,1,0,0,2,1,3,3,2,"Social Acceptance,Job Security,Salary,flaxible Work Life Balanced","Teaching,Bank Job,BCS,Govt Job"
367,0,4,3.59,Comilla University (CoU),1,3,2,2,2,3,3,2,3,3,3,2,2,2,2,1,1,2,Job Environment,"Database Administration,Hardware Sector"
368,0,4,3.6,"Independent University, Bangladesh (IUB)",2,2,2,3,2,3,2,3,2,1,1,0,1,3,1,2,2,3,"Salary,flaxible Work Life Balanced","Data Analysis,ML/AI Engineer"
369,0,4,3.43,Canadian University of Bangladesh (CUB),2,3,2,3,3,3,3,0,3,1,3,3,2,2,2,2,1,6,"Job Environment,Salary",Software Development
370,0,4,3.31,Leading University (LU),2,3,3,3,3,3,2,2,3,2,3,2,2,2,2,2,1,5,Job Environment,Software Development
371,0,4,3.66,Leading University (LU),2,1,2,2,2,1,1,2,2,1,1,2,1,2,2,2,1,2,Job Environment,UI/UX Designing
372,1,4,3.73,Rajshahi University of Engineering & Technology (RUET),3,2,3,3,2,2,2,2,1,2,2,2,1,1,2,2,2,2,"Salary,flaxible Work Life Balanced","Teaching,Govt Job"
373,0,4,2.91,Bangabandhu Sheikh Mujibur Rahman Science & Technology University (BSMRSTU),2,1,2,2,1,2,1,1,1,1,1,1,1,1,1,0,0,2,Social Acceptance,Govt Job
374,0,4,3.86,Daffodil International University (DIU),2,2,2,3,1,2,2,3,2,2,2,2,1,2,2,3,3,2,flaxible Work Life Balanced,"Software Development,Abroad"
375,0,4,3.11,Bangabandhu Sheikh Mujibur Rahman Science & Technology University (BSMRSTU),1,1,3,1,1,1,1,1,1,1,1,1,1,1,1,1,0,2,Salary,BCS
376,0,4,2.85,University of Rajshahi (RU),3,2,2,3,1,2,1,1,3,1,1,1,1,1,1,1,0,1,Salary,Software Development
377,0,4,2.89,University of Rajshahi (RU),2,3,2,2,1,3,2,1,3,2,2,1,1,1,1,1,0,2,Salary,"Software Development,Govt Job"
378,0,3,2.83,University of Rajshahi (RU),2,2,3,3,2,3,3,1,2,1,3,2,1,1,2,2,0,2,Job Security,"BCS,Govt Job"
379,0,4,3.67,North South University (NSU),2,3,3,3,3,3,2,2,3,2,3,2,2,2,1,2,1,4,Job Environment,Software Development
380,0,4,3.48,Uttara University (UU),1,1,1,2,2,1,2,2,2,3,3,2,2,1,2,1,0,2,"Social Acceptance,Job Security","UI/UX Designing,Hardware Sector"
381,0,4,3.93,Daffodil International University (DIU),2,2,2,3,2,0,2,3,1,2,2,2,2,3,2,3,4,1,Job Environment,"Researcher,Abroad"
382,0,4,3.6,Sonargaon University (SU),2,2,2,1,2,3,1,1,2,3,3,2,2,2,3,1,0,2,Job Environment,Hardware Sector
383,0,4,3.1,Bangabandhu Sheikh Mujibur Rahman Science & Technology University (BSMRSTU),1,2,1,2,1,2,1,1,1,0,1,1,1,1,0,1,0,0,"Job Environment,Salary,flaxible Work Life Balanced","ML/AI Engineer,Abroad"
384,1,4,3.77,University of Barishal (BU),2,2,3,3,1,1,2,2,1,2,2,2,1,1,1,1,1,1,"Social Acceptance,Job Security,Salary,flaxible Work Life Balanced","Bank Job,BCS,Govt Job"
385,0,4,3.23,University of Barishal (BU),1,2,2,3,2,2,2,2,2,3,3,3,3,2,2,1,0,2,"Social Acceptance,Job Environment","Networking,Cyber Security"
386,0,4,2.89,University of Barishal (BU),2,3,2,3,3,3,3,3,3,2,3,1,2,3,2,1,1,5,"Social Acceptance,flaxible Work Life Balanced","Software Development,ML/AI Engineer"
387,0,4,3.06,University of Chittagong (CU),2,3,3,3,3,3,2,2,3,2,3,3,2,1,0,1,0,4,"Social Acceptance,Job Environment","Software Development,Networking"
388,0,4,2.88,Shahjalal University of Science & Technology (SUST),2,2,3,2,3,3,1,1,3,2,3,2,2,2,2,1,0,6,Social Acceptance,Software Development
389,0,4,3.34,Jahangirnagar University (JU),2,3,3,3,3,3,3,3,3,2,2,1,3,3,1,1,1,6,"Social Acceptance,Job Security","Software Development,ML/AI Engineer,Abroad"
390,0,4,3.78,University of Rajshahi (RU),2,2,2,3,2,2,2,2,2,2,2,2,2,2,2,3,3,2,"Social Acceptance,flaxible Work Life Balanced","Researcher,Abroad"
391,0,4,3.29,University of Chittagong (CU),2,2,3,3,2,2,2,2,2,2,3,3,2,1,1,1,0,2,"Job Environment,Salary","Networking,UI/UX Designing"
392,1,4,3.42,Jagannath University (JnU),3,2,3,3,2,2,2,2,1,2,1,1,2,1,1,1,0,2,"Salary,flaxible Work Life Balanced","Bank Job,BCS,Govt Job"
393,0,4,3.21,Bangladesh University of Engineering & Technology (BUET),2,3,3,3,2,3,2,3,3,1,1,1,2,3,2,2,1,4,"Job Environment,Salary","Software Development,Data Analysis,ML/AI Engineer"
394,1,4,3.72,Bangladesh University of Engineering & Technology (BUET),3,3,3,3,2,2,2,2,1,2,1,1,1,1,1,3,3,1,"Salary,flaxible Work Life Balanced","Teaching,Govt Job"
395,0,4,3.35,University of Rajshahi (RU),2,3,3,3,3,3,2,2,3,1,3,2,2,2,2,2,1,5,Job Environment,"Software Development,Data Analysis"
396,0,4,3.22,Mawlana Bhashani Science & Technology University (MBSTU),2,2,2,3,2,2,2,3,2,2,2,2,2,3,1,1,0,2,"Job Environment,Salary","Data Analysis,ML/AI Engineer"
397,0,4,3.5,"Begum Rokeya University, Rangpur (BRU)",2,2,3,3,1,2,2,2,1,2,2,2,1,1,1,1,0,1,"Salary,flaxible Work Life Balanced","Bank Job,BCS,Govt Job"
398,0,4,3.73,Rajshahi University of Engineering & Technology (RUET),2,2,2,3,1,2,2,2,1,1,2,2,1,2,1,3,3,1,"Salary,flaxible Work Life Balanced","Researcher,Abroad"
399,0,4,3.88,Rajshahi University of Engineering & Technology (RUET),2,2,3,3,1,2,2,3,1,1,2,2,2,3,2,2,2,1,flaxible Work Life Balanced,Abroad
400,0,4,3.51,University of Dhaka (DU),2,2,2,2,2,2,2,1,2,2,1,2,1,1,2,0,0,1,Job Environment,UI/UX Designing
401,0,4,3.33,Noakhali Science & Technology University (NSTU),2,2,3,2,2,3,3,1,2,2,1,1,1,2,1,1,0,2,Job Environment,Software Development
402,0,4,3.44,Noakhali Science & Technology University (NSTU),2,2,3,3,3,3,2,2,3,2,3,1,2,2,2,0,0,3,"Social Acceptance,Job Environment",Software Development
403,0,4,3.79,Noakhali Science & Technology University (NSTU),2,2,2,3,0,2,2,3,2,2,2,2,2,3,1,3,3,2,"Job Environment,flaxible Work Life Balanced","Researcher,Abroad"
404,0,4,3.54,Rajshahi University of Engineering & Technology (RUET),2,2,2,3,1,2,2,2,1,2,0,2,2,1,1,1,0,1,"Job Security,flaxible Work Life Balanced","Bank Job,BCS,Govt Job"
405,0,4,3.45,Patuakhali Science And Technology University (PSTU),2,3,2,3,2,3,3,3,2,2,3,2,2,3,2,1,0,3,"Social Acceptance,Job Environment","Database Administration,Data Analysis,ML/AI Engineer"
406,1,4,3.53,Patuakhali Science And Technology University (PSTU),2,1,2,2,1,2,1,0,0,1,1,1,0,0,0,0,0,2,"Job Security,flaxible Work Life Balanced","Bank Job,BCS,Business"
407,1,4,3.3,Patuakhali Science And Technology University (PSTU),1,1,2,2,1,1,1,1,2,0,1,0,0,1,0,1,0,1,"Social Acceptance,Job Security","Bank Job,BCS"
408,0,4,3.25,Chittagong University of Engineering & Technology (CUET),2,3,3,3,3,3,2,2,3,2,3,2,2,2,2,2,1,5,"Social Acceptance,Salary",Software Development
409,0,4,3.44,Jessore University of Science & Technology (JUST),2,3,3,3,2,2,2,3,3,2,1,1,1,2,1,2,1,5,"Job Environment,Salary","Software Development,Data Analysis,ML/AI Engineer"
410,1,4,3.79,Jessore University of Science & Technology (JUST),3,2,3,3,1,2,2,3,2,2,3,2,2,2,0,3,4,1,"Job Environment,flaxible Work Life Balanced","Researcher,Abroad"
411,0,4,3.51,University of Rajshahi (RU),3,3,3,3,1,1,1,2,2,2,2,2,1,1,1,1,0,1,"Salary,flaxible Work Life Balanced","Bank Job,BCS,Govt Job"
412,1,4,3.85,University of Rajshahi (RU),2,2,3,3,1,2,2,2,1,2,2,1,1,2,1,3,3,3,"Salary,flaxible Work Life Balanced","Teaching,Researcher"
413,0,4,3.23,Jahangirnagar University (JU),2,2,2,2,2,2,2,2,2,2,3,2,1,2,3,1,0,2,"Social Acceptance,Job Environment","UI/UX Designing,Hardware Sector"
414,0,4,3.34,University of Dhaka (DU),1,2,2,2,2,2,2,2,2,3,3,0,2,2,2,1,0,2,Job Environment,"UI/UX Designing,Hardware Sector,Database Administration"
415,0,4,3.48,University of Chittagong (CU),1,3,3,3,2,2,3,1,2,1,3,2,2,0,0,0,0,2,"Salary,flaxible Work Life Balanced",Database Administration
416,0,4,3.21,University of Chittagong (CU),1,3,2,2,2,2,3,3,2,2,3,2,2,3,2,2,1,1,"Social Acceptance,Job Environment","Database Administration,Data Analysis,ML/AI Engineer"
417,0,1,3.42,Rajshahi University of Engineering & Technology (RUET),1,1,2,2,1,2,1,0,2,2,1,0,0,0,1,0,0,2,"Job Environment,Salary","Networking,Cyber Security"
418,0,3,3.11,Patuakhali Science And Technology University (PSTU),1,1,2,2,2,1,2,2,2,3,3,2,2,2,3,1,0,2,Job Security,Hardware Sector
419,0,4,3.88,Shahjalal University of Science & Technology (SUST),2,3,3,3,1,3,2,2,2,2,3,2,2,2,2,3,4,3,"Salary,flaxible Work Life Balanced","Teaching,Researcher"
420,1,4,3.46,Shahjalal University of Science & Technology (SUST),2,2,3,0,1,1,2,2,1,1,2,2,2,2,1,1,1,1,"Salary,flaxible Work Life Balanced","Bank Job,BCS,Govt Job"
421,0,4,3.22,Shahjalal University of Science & Technology (SUST),2,3,3,2,3,3,3,2,3,1,3,2,2,2,2,2,1,5,"Social Acceptance,Job Environment",Software Development
422,0,4,3.39,Chittagong University of Engineering & Technology (CUET),2,2,2,2,2,1,2,2,2,2,3,3,3,2,2,1,1,2,"Social Acceptance,Job Environment","Networking,Cyber Security"
423,0,4,3.45,Rajshahi University of Engineering & Technology (RUET),2,2,2,2,2,3,1,3,2,2,1,2,1,3,0,2,1,3,"Social Acceptance,Job Environment","Data Analysis,ML/AI Engineer"
424,0,4,3.81,North South University (NSU),1,2,2,3,1,2,2,3,1,1,2,2,2,2,3,3,3,3,"Salary,flaxible Work Life Balanced","Researcher,Abroad"
425,0,4,3.11,University of Rajshahi (RU),2,2,3,3,3,3,2,2,3,2,3,2,1,2,2,2,1,5,"Social Acceptance,Job Environment",Software Development
426,0,4,3.52,University of Rajshahi (RU),2,2,3,3,1,2,1,1,1,2,2,2,2,2,1,1,0,2,"Salary,flaxible Work Life Balanced","Bank Job,BCS,Govt Job"
427,0,4,3.88,University of Chittagong (CU),2,2,3,3,1,2,1,3,2,2,2,1,0,3,2,3,2,2,"Salary,flaxible Work Life Balanced","Researcher,Abroad"
428,0,4,3.55,American International University-Bangladesh (AIUB),2,2,2,3,2,2,3,3,2,2,1,2,1,3,2,2,1,4,"Job Environment,Salary","Data Analysis,ML/AI Engineer"
429,0,4,3.39,American International University-Bangladesh (AIUB),2,1,2,2,1,2,2,1,1,1,1,1,1,1,2,2,1,3,Job Environment,UI/UX Designing
430,0,4,3.33,Mawlana Bhashani Science & Technology University (MBSTU),3,2,3,2,2,2,2,3,2,1,2,1,1,2,0,1,0,4,"Job Environment,Salary","Software Development,ML/AI Engineer"
431,0,4,2.98,CCN University of Science & Technology (CCNUST),2,2,2,3,1,2,1,1,1,1,1,1,1,1,1,0,0,2,"Job Security,Salary","Bank Job,Govt Job"
432,0,4,3.43,Mawlana Bhashani Science & Technology University (MBSTU),2,2,3,2,2,2,3,2,3,2,3,3,2,2,1,2,0,5,Salary,Software Development
433,1,4,3.4,University of Rajshahi (RU),3,3,2,2,2,3,3,2,3,2,3,3,2,2,1,1,0,5,"Job Environment,Salary","Software Development,Cyber Security,Business"
434,1,4,2.83,University of Chittagong (CU),2,2,2,2,2,2,1,2,1,1,1,1,1,1,1,1,1,2,"Job Security,Job Environment,flaxible Work Life Balanced",Abroad
435,1,2,2.93,"Independent University, Bangladesh (IUB)",2,2,3,3,1,2,1,2,1,1,1,2,2,0,0,0,0,1,"Job Security,Job Environment","Software Development,Cyber Security"
436,0,3,3.2,Faridpur Engineering College,2,2,2,2,1,2,2,1,2,1,1,2,1,1,2,1,1,2,"Social Acceptance,Job Security","Software Development,Networking,Cyber Security,Data Analysis"
437,0,4,3.16,University of Rajshahi (RU),1,2,1,1,2,2,1,3,1,1,2,2,2,1,1,2,0,1,"Social Acceptance,Job Security","Cyber Security,Data Analysis"
438,0,4,2.92,University of Chittagong (CU),2,2,2,3,2,2,2,2,2,1,2,1,1,1,1,1,0,2,Social Acceptance,Software Development
439,0,4,3.22,Jahangirnagar University (JU),3,2,2,2,1,2,2,3,2,1,1,1,2,2,1,3,2,1,flaxible Work Life Balanced,Abroad
440,1,4,1.6,Jahangirnagar University (JU),2,2,2,1,1,1,1,3,1,1,1,1,1,2,1,1,0,2,Job Security,ML/AI Engineer
441,0,4,3.41,University of Chittagong (CU),2,3,2,1,1,3,1,3,1,1,1,1,1,1,1,1,0,1,"Salary,flaxible Work Life Balanced","Software Development,ML/AI Engineer"
442,1,4,3.5,Faridpur Engineering College,2,2,2,2,1,2,1,1,2,1,1,1,1,1,1,1,0,2,"Salary,Job Environment
","Software Development,Abroad"
443,0,4,0.0,United International University (UIU),2,3,2,2,2,2,2,2,2,2,2,2,2,2,2,2,0,2,Salary,Software Development
444,0,4,3.4,Faridpur Engineering College,2,2,2,1,2,2,2,2,1,2,1,2,2,2,2,2,1,3,"Salary,flaxible Work Life Balanced","Software Development,Data Analysis"
445,0,4,3.17,Daffodil International University (DIU),2,2,2,2,1,1,1,2,2,1,2,1,2,0,1,1,0,1,Social Acceptance,"Bank Job,Govt Job"
446,0,4,3.58,Comilla University (CoU),2,2,2,3,1,2,2,1,2,1,2,1,1,1,1,1,0,3,"Salary,Job Environment",Software Development
447,1,4,3.79,Daffodil International University (DIU),3,3,3,3,2,2,1,3,1,2,1,1,1,1,1,2,2,3,Salary,Researcher
448,1,4,3.72,Comilla University (CoU),2,2,3,3,2,3,2,2,2,2,1,1,1,1,1,1,1,1,"Social Acceptance,Job Security,Job Environment,Salary,flaxible Work Life Balanced","Software Development,Teaching"
449,1,4,3.59,Comilla University (CoU),2,3,2,2,2,2,3,1,1,2,1,0,2,1,0,2,1,3,"Job Environment,Salary,flaxible Work Life Balanced","Database Administration,Teaching,Abroad"
450,1,4,3.6,Daffodil International University (DIU),1,1,2,2,1,2,1,1,1,2,2,1,2,1,1,1,0,0,flaxible Work Life Balanced,Business
451,0,3,3.6,Comilla University (CoU),2,1,2,2,1,2,2,2,1,1,1,1,1,1,0,0,0,2,Social Acceptance,"Software Development,Data Analysis,ML/AI Engineer,Abroad"
452,1,4,3.47,Daffodil International University (DIU),1,2,2,2,2,3,2,1,3,1,1,1,1,0,1,0,0,3,"Job Environment,Salary",Software Development
453,1,3,3.5,Comilla University (CoU),3,2,3,3,1,2,1,2,1,1,1,1,1,1,1,1,0,3,"Salary,flaxible Work Life Balanced","Business,Abroad,Govt Job"
454,0,4,3.2,Daffodil International University (DIU),2,3,2,2,2,3,2,2,2,2,2,2,2,2,2,1,1,4,Job Environment,Software Development
455,0,4,3.64,Comilla University (CoU),2,2,2,1,2,2,2,1,2,2,2,1,1,1,1,1,0,0,"Job Environment,Salary,flaxible Work Life Balanced","Software Development,Networking,Cyber Security,Researcher"
456,0,4,3.7,Comilla University (CoU),2,3,2,2,2,1,1,1,2,1,1,1,1,1,0,1,0,3,Social Acceptance,Abroad
457,0,4,3.3,Northern University Bangladesh (NUB),2,2,2,1,2,2,2,2,1,1,2,1,1,1,0,1,0,2,Job Security,Govt Job
458,1,4,3.79,Comilla University (CoU),2,3,3,3,2,3,2,2,3,2,1,1,1,1,1,1,0,2,"Job Environment,Salary",Software Development
459,0,4,3.09,Northern University Bangladesh (NUB),1,2,1,1,1,1,2,2,3,1,2,2,2,2,1,1,1,1,"Social Acceptance,Job Security,Job Environment","Software Development,Networking,Cyber Security"
460,0,4,3.26,American International University-Bangladesh (AIUB),2,2,1,2,1,1,2,2,1,1,1,1,1,2,1,2,2,3,Job Environment,Abroad
461,0,4,3.56,Northern University Bangladesh (NUB),2,2,3,3,2,2,2,1,2,1,1,2,1,1,2,1,0,3,"Salary,Job Environment","Software Development,Cyber Security"
462,0,4,3.0,University of Rajshahi (RU),2,3,2,2,2,2,2,2,1,1,2,1,1,1,1,1,0,3,Job Security,Other
463,1,4,3.2,Northern University Bangladesh (NUB),2,1,2,2,1,1,1,1,1,1,1,1,1,1,1,1,0,2,Other Factor,"Bank Job,Govt Job"
464,0,4,3.64,Comilla University (CoU),2,2,2,3,2,2,2,1,2,2,2,2,3,1,1,2,2,4,"Job Environment,Salary","Software Development,Networking,Cyber Security,Researcher"
465,0,4,3.7,Comilla University (CoU),2,3,2,3,2,2,2,1,2,1,1,1,1,1,2,3,3,3,"Job Environment,Salary,Social Acceptance",Abroad
466,0,4,3.3,Northern University Bangladesh (NUB),2,2,2,1,2,2,2,2,1,1,1,3,2,1,0,1,0,2,"Job Environment,Salary","Networking,Cyber Security"
467,1,4,3.79,Comilla University (CoU),2,3,3,3,2,3,2,2,3,2,1,1,1,1,2,1,0,4,"Job Environment,Salary",Hardware Sector
